latitude,longitude,elevation,utc_offset_seconds,timezone,timezone_abbreviation
-7.697715,110.37447,210.0,28800,Asia/Singapore,GMT+8

time,temperature_2m_max (°C),temperature_2m_min (°C),apparent_temperature_max (°C),wind_gusts_10m_max (km/h),weather_code (wmo code),precipitation_sum (mm),precipitation_hours (h)
2020-01-01,27.8,23.1,31.9,29.2,63,18.30,19.0
2020-01-02,29.5,22.5,35.4,24.1,61,8.20,16.0
2020-01-03,28.9,22.8,32.4,49.7,53,2.00,7.0
2020-01-04,27.2,22.6,30.9,38.2,61,6.30,18.0
2020-01-05,27.8,23.5,32.6,38.2,63,15.20,20.0
2020-01-06,29.4,23.1,34.7,42.1,61,12.00,18.0
2020-01-07,27.1,23.2,31.8,31.0,63,18.70,22.0
2020-01-08,26.8,22.5,32.1,33.1,63,11.40,18.0
2020-01-09,28.1,21.6,34.0,29.9,63,12.50,12.0
2020-01-10,27.2,22.4,31.8,31.3,63,17.80,18.0
2020-01-11,27.8,22.7,31.2,40.3,61,8.00,15.0
2020-01-12,29.3,23.4,33.6,35.3,63,10.00,10.0
2020-01-13,29.8,22.9,34.2,33.5,51,0.60,6.0
2020-01-14,29.9,22.5,36.4,26.6,53,2.80,8.0
2020-01-15,29.7,21.9,35.7,30.2,63,8.20,13.0
2020-01-16,28.9,23.1,35.4,26.3,53,1.80,10.0
2020-01-17,29.6,22.5,36.3,28.8,51,0.60,3.0
2020-01-18,30.2,21.9,36.7,23.0,1,0.00,0.0
2020-01-19,29.5,22.1,35.5,22.3,51,1.00,5.0
2020-01-20,30.0,22.7,36.1,30.2,51,1.20,8.0
2020-01-21,29.5,22.0,35.3,23.4,53,2.30,7.0
2020-01-22,30.0,23.4,37.8,29.2,63,11.10,11.0
2020-01-23,29.4,23.7,36.6,27.4,63,11.30,14.0
2020-01-24,29.4,24.2,36.1,21.6,53,3.40,14.0
2020-01-25,30.1,23.4,36.8,30.2,63,10.90,11.0
2020-01-26,29.0,22.7,37.0,24.5,63,12.80,9.0
2020-01-27,29.1,22.9,35.3,22.7,63,6.80,12.0
2020-01-28,30.0,24.0,37.3,28.1,63,5.70,8.0
2020-01-29,29.5,23.6,36.7,24.5,61,5.70,9.0
2020-01-30,26.4,23.2,31.4,34.9,63,19.20,19.0
2020-01-31,27.8,22.9,32.5,17.3,61,5.10,7.0
2020-02-01,29.9,22.6,36.8,28.4,65,25.70,8.0
2020-02-02,28.9,22.9,34.9,24.8,63,9.60,9.0
2020-02-03,28.8,23.0,35.3,34.2,65,12.30,17.0
2020-02-04,29.4,23.0,35.4,30.2,65,12.10,10.0
2020-02-05,28.4,23.2,34.5,28.1,53,3.30,14.0
2020-02-06,29.1,22.5,34.0,27.7,61,5.20,12.0
2020-02-07,29.5,23.5,36.1,25.9,63,10.70,13.0
2020-02-08,29.2,23.0,36.2,31.0,63,10.90,19.0
2020-02-09,25.5,23.1,29.4,23.0,63,7.40,15.0
2020-02-10,28.0,23.0,32.2,34.2,61,5.70,13.0
2020-02-11,28.1,22.8,33.4,30.6,63,10.50,20.0
2020-02-12,28.6,23.0,34.2,20.9,63,10.00,13.0
2020-02-13,29.0,22.8,35.8,19.4,63,7.90,12.0
2020-02-14,29.5,22.4,36.1,35.3,65,27.20,14.0
2020-02-15,29.2,23.1,37.1,32.8,63,13.70,12.0
2020-02-16,29.0,22.9,36.0,22.7,63,8.90,13.0
2020-02-17,28.4,22.9,33.0,24.8,61,8.40,20.0
2020-02-18,28.0,22.2,32.9,29.5,63,6.90,12.0
2020-02-19,27.2,22.7,32.0,31.3,55,12.90,24.0
2020-02-20,26.8,23.0,32.1,34.2,63,17.30,19.0
2020-02-21,29.8,22.5,37.7,33.1,65,22.20,13.0
2020-02-22,30.2,22.4,37.1,29.9,61,9.50,13.0
2020-02-23,29.9,23.1,37.3,29.5,63,10.70,11.0
2020-02-24,29.8,23.0,36.6,25.2,63,9.60,11.0
2020-02-25,29.8,23.4,36.9,28.8,65,21.60,13.0
2020-02-26,28.9,22.2,35.3,23.4,63,8.90,14.0
2020-02-27,29.3,22.9,36.5,25.9,65,27.30,16.0
2020-02-28,29.5,23.0,37.6,29.9,63,19.40,16.0
2020-02-29,29.1,23.4,36.0,35.6,65,19.70,16.0
2020-03-01,27.8,23.0,34.5,31.0,65,29.90,15.0
2020-03-02,28.8,23.0,36.6,33.1,65,24.00,11.0
2020-03-03,28.5,23.0,34.9,25.6,65,18.40,10.0
2020-03-04,28.0,23.1,33.7,36.0,63,25.60,17.0
2020-03-05,27.0,23.0,31.1,33.5,63,44.90,17.0
2020-03-06,29.1,23.4,35.0,36.7,53,5.00,12.0
2020-03-07,29.5,22.1,35.4,33.1,63,17.00,13.0
2020-03-08,27.0,23.0,31.4,28.4,63,16.80,24.0
2020-03-09,27.0,23.3,30.4,53.6,61,11.30,22.0
2020-03-10,29.4,23.8,34.4,29.9,55,4.00,14.0
2020-03-11,29.5,22.9,37.3,32.4,65,25.10,13.0
2020-03-12,29.1,22.3,36.5,23.4,63,7.20,9.0
2020-03-13,29.2,22.2,36.2,31.3,63,8.60,6.0
2020-03-14,30.5,23.8,38.1,25.2,61,2.40,3.0
2020-03-15,30.2,23.4,37.5,21.6,63,7.00,13.0
2020-03-16,29.8,23.1,36.7,24.1,61,4.70,6.0
2020-03-17,30.0,23.1,37.0,28.8,63,9.80,14.0
2020-03-18,28.5,23.5,34.1,18.4,65,16.20,13.0
2020-03-19,28.8,22.4,34.7,32.8,63,10.40,13.0
2020-03-20,29.0,23.0,35.4,23.8,65,92.00,15.0
2020-03-21,28.9,22.4,36.5,25.2,63,10.00,13.0
2020-03-22,29.5,22.6,36.5,24.5,65,35.10,17.0
2020-03-23,28.5,22.6,35.4,20.9,65,36.50,17.0
2020-03-24,28.5,22.5,36.4,19.8,63,12.10,12.0
2020-03-25,29.1,22.6,35.9,27.0,63,11.50,11.0
2020-03-26,30.8,23.9,36.5,29.5,53,2.60,9.0
2020-03-27,29.9,22.4,37.5,23.8,63,6.80,10.0
2020-03-28,28.0,23.5,34.8,24.1,63,13.00,13.0
2020-03-29,29.1,23.5,36.3,30.6,65,57.60,11.0
2020-03-30,28.6,22.2,34.9,25.9,63,10.00,14.0
2020-03-31,27.5,23.3,33.2,25.9,61,5.50,14.0
2020-04-01,27.8,22.8,33.9,19.4,61,4.30,9.0
2020-04-02,29.2,23.8,35.8,23.0,65,34.00,12.0
2020-04-03,28.3,23.3,34.7,26.6,61,11.10,13.0
2020-04-04,28.5,23.3,35.3,24.8,63,20.90,13.0
2020-04-05,27.8,22.9,33.8,19.4,55,2.40,8.0
2020-04-06,25.6,22.6,30.9,21.6,63,19.30,13.0
2020-04-07,27.9,21.8,33.8,26.3,63,10.70,8.0
2020-04-08,28.2,22.2,34.5,27.4,55,3.50,6.0
2020-04-09,30.5,23.0,38.1,25.9,63,8.50,6.0
2020-04-10,30.1,22.6,36.6,26.3,63,15.40,11.0
2020-04-11,28.2,22.9,34.8,29.5,53,6.80,22.0
2020-04-12,29.0,22.5,34.8,24.5,53,2.40,11.0
2020-04-13,29.5,21.6,35.7,19.8,51,0.30,3.0
2020-04-14,29.0,21.9,35.0,20.9,55,3.30,7.0
2020-04-15,28.5,22.1,34.8,18.0,53,2.50,6.0
2020-04-16,29.9,22.6,36.5,21.6,65,12.00,6.0
2020-04-17,29.2,23.5,36.5,32.4,65,25.70,10.0
2020-04-18,28.8,22.8,35.0,20.9,63,14.00,9.0
2020-04-19,29.5,22.5,36.2,19.1,55,4.40,9.0
2020-04-20,29.0,23.0,36.6,18.0,53,3.60,9.0
2020-04-21,29.7,23.6,35.1,27.4,63,7.90,15.0
2020-04-22,31.0,24.1,37.0,24.1,53,2.50,10.0
2020-04-23,31.4,23.4,37.7,24.1,51,1.40,7.0
2020-04-24,30.7,23.8,35.8,32.4,61,5.60,12.0
2020-04-25,29.9,22.2,35.5,25.2,63,7.70,7.0
2020-04-26,29.6,23.4,34.9,29.2,53,2.40,11.0
2020-04-27,29.6,24.0,36.3,25.6,63,10.10,9.0
2020-04-28,28.5,22.7,34.5,20.2,63,11.60,11.0
2020-04-29,29.6,23.4,34.5,24.5,55,3.20,10.0
2020-04-30,29.5,22.5,34.7,32.4,51,1.60,6.0
2020-05-01,29.5,23.3,34.0,25.9,53,2.60,12.0
2020-05-02,29.0,22.6,34.5,19.8,53,1.50,9.0
2020-05-03,29.7,22.7,35.3,20.9,53,1.10,5.0
2020-05-04,30.6,23.0,35.9,26.6,55,2.10,5.0
2020-05-05,30.5,23.1,36.6,21.6,61,3.90,13.0
2020-05-06,30.1,24.0,35.1,28.1,63,9.90,11.0
2020-05-07,31.0,23.5,36.7,23.8,55,4.70,11.0
2020-05-08,30.5,22.9,37.0,24.8,63,10.40,12.0
2020-05-09,29.0,24.0,35.5,28.8,63,14.80,14.0
2020-05-10,29.9,22.5,36.6,22.7,63,11.40,8.0
2020-05-11,27.6,23.5,33.0,24.5,63,10.40,21.0
2020-05-12,30.3,23.2,36.0,23.0,51,0.70,3.0
2020-05-13,30.0,22.1,34.4,32.8,3,0.00,0.0
2020-05-14,29.6,22.0,33.5,33.1,51,1.10,9.0
2020-05-15,31.0,21.8,35.8,26.6,55,4.30,8.0
2020-05-16,30.3,23.0,35.4,28.1,61,6.40,14.0
2020-05-17,29.5,23.0,35.5,31.0,63,10.40,11.0
2020-05-18,30.0,23.0,35.8,25.2,63,22.90,12.0
2020-05-19,28.1,23.5,33.3,20.9,61,21.40,21.0
2020-05-20,30.0,23.0,36.9,17.6,53,2.40,7.0
2020-05-21,27.5,23.2,32.0,23.4,3,0.00,0.0
2020-05-22,29.2,22.6,34.9,19.1,51,0.60,5.0
2020-05-23,30.3,23.2,36.9,32.0,3,0.00,0.0
2020-05-24,30.5,22.5,37.0,19.4,3,0.00,0.0
2020-05-25,28.8,23.8,34.4,25.9,63,6.80,10.0
2020-05-26,27.6,23.7,33.5,27.0,63,11.40,17.0
2020-05-27,28.3,22.6,34.8,28.1,65,21.00,13.0
2020-05-28,27.0,23.0,31.8,26.6,63,14.30,17.0
2020-05-29,28.8,22.6,34.7,23.8,61,3.30,9.0
2020-05-30,29.5,22.9,35.9,26.6,63,16.40,13.0
2020-05-31,26.3,23.5,31.7,22.7,63,31.20,22.0
2020-06-01,28.7,22.5,33.9,25.6,61,6.20,12.0
2020-06-02,27.5,22.7,32.9,22.3,63,6.80,11.0
2020-06-03,30.2,22.8,34.8,21.6,3,0.00,0.0
2020-06-04,29.0,22.2,32.4,32.0,51,1.20,5.0
2020-06-05,27.8,20.6,31.6,30.6,55,4.60,12.0
2020-06-06,27.6,22.4,32.6,23.4,61,10.50,17.0
2020-06-07,28.8,22.1,34.4,23.8,63,15.00,17.0
2020-06-08,28.0,23.1,32.7,25.2,63,10.40,17.0
2020-06-09,27.9,22.4,33.1,27.4,55,3.70,14.0
2020-06-10,29.8,21.5,33.9,23.8,51,0.10,1.0
2020-06-11,28.6,21.9,33.6,21.2,51,0.20,1.0
2020-06-12,28.4,21.2,33.1,22.3,51,0.10,1.0
2020-06-13,29.5,20.0,34.4,24.1,51,0.60,4.0
2020-06-14,28.2,21.4,33.3,31.3,65,15.60,14.0
2020-06-15,29.0,22.5,34.8,31.7,63,11.00,14.0
2020-06-16,29.9,22.5,34.5,25.6,53,2.00,10.0
2020-06-17,28.1,22.2,32.7,25.2,53,4.70,16.0
2020-06-18,28.9,22.8,33.9,32.4,55,3.50,9.0
2020-06-19,28.0,22.6,32.0,30.6,55,4.40,10.0
2020-06-20,28.6,21.3,32.7,27.4,53,3.10,9.0
2020-06-21,28.8,20.3,33.9,23.8,65,20.70,11.0
2020-06-22,28.4,22.2,32.5,29.2,63,17.90,9.0
2020-06-23,29.1,22.9,33.0,29.5,53,2.50,6.0
2020-06-24,28.1,22.2,31.4,33.1,53,2.20,12.0
2020-06-25,28.6,20.6,33.1,21.6,51,0.10,1.0
2020-06-26,28.5,19.2,33.2,21.2,3,0.00,0.0
2020-06-27,29.1,19.6,33.1,24.8,51,0.10,1.0
2020-06-28,28.2,20.0,32.6,18.4,3,0.00,0.0
2020-06-29,29.0,21.0,32.9,34.2,51,0.50,4.0
2020-06-30,29.0,19.5,33.3,23.8,51,0.30,3.0
2020-07-01,28.4,19.8,31.4,31.3,63,5.60,6.0
2020-07-02,28.6,20.6,32.8,23.8,53,2.00,8.0
2020-07-03,28.1,21.4,30.8,28.8,51,0.40,4.0
2020-07-04,29.4,19.9,33.7,22.0,3,0.00,0.0
2020-07-05,30.1,20.9,33.5,23.0,53,1.40,5.0
2020-07-06,29.5,22.0,33.7,29.2,61,5.60,10.0
2020-07-07,29.1,22.0,31.8,31.3,51,0.60,4.0
2020-07-08,28.4,20.1,30.8,33.1,51,1.00,7.0
2020-07-09,28.5,21.0,31.6,29.9,51,1.90,8.0
2020-07-10,28.1,21.2,32.3,27.7,53,3.20,11.0
2020-07-11,29.8,20.8,33.7,29.5,53,0.70,3.0
2020-07-12,28.3,21.1,32.5,22.0,51,0.70,7.0
2020-07-13,31.0,21.1,35.3,23.8,53,1.40,5.0
2020-07-14,29.5,21.4,33.7,24.1,51,0.80,7.0
2020-07-15,30.1,21.3,34.0,33.1,63,6.20,8.0
2020-07-16,30.5,22.5,35.1,23.8,53,1.60,5.0
2020-07-17,30.1,21.6,35.6,30.2,51,0.20,2.0
2020-07-18,29.5,21.6,33.1,34.6,51,0.70,5.0
2020-07-19,30.0,20.2,35.2,35.3,53,2.40,6.0
2020-07-20,29.5,22.6,32.8,27.4,51,1.00,8.0
2020-07-21,27.9,23.2,32.1,21.2,53,6.70,23.0
2020-07-22,30.2,21.5,34.1,27.4,51,0.80,8.0
2020-07-23,29.5,21.2,33.0,26.3,3,0.00,0.0
2020-07-24,29.8,19.9,32.4,32.8,3,0.00,0.0
2020-07-25,29.0,17.9,31.1,32.8,3,0.00,0.0
2020-07-26,29.6,17.0,33.4,32.0,3,0.00,0.0
2020-07-27,29.0,17.6,30.8,34.2,3,0.00,0.0
2020-07-28,28.2,20.4,30.1,38.9,51,0.20,2.0
2020-07-29,28.3,19.9,30.1,38.9,51,2.00,10.0
2020-07-30,28.0,16.5,30.3,30.2,3,0.00,0.0
2020-07-31,28.1,17.3,30.5,31.0,51,0.60,6.0
2020-08-01,29.5,19.6,31.7,32.4,3,0.00,0.0
2020-08-02,28.6,18.3,31.4,32.4,3,0.00,0.0
2020-08-03,30.0,19.3,33.5,34.9,3,0.00,0.0
2020-08-04,28.5,20.5,32.7,31.0,51,0.10,1.0
2020-08-05,29.8,21.4,33.3,29.9,3,0.00,0.0
2020-08-06,30.7,21.0,34.1,24.8,3,0.00,0.0
2020-08-07,29.8,19.5,33.1,29.5,3,0.00,0.0
2020-08-08,30.1,19.9,33.2,28.1,3,0.00,0.0
2020-08-09,30.9,20.3,33.6,34.2,3,0.00,0.0
2020-08-10,31.7,20.4,35.3,39.6,53,0.70,2.0
2020-08-11,31.0,21.0,35.4,27.7,63,12.10,10.0
2020-08-12,29.5,22.3,34.3,26.3,63,6.10,16.0
2020-08-13,27.3,22.5,31.5,36.0,63,11.40,13.0
2020-08-14,29.2,21.5,34.6,28.1,63,13.00,13.0
2020-08-15,30.8,21.9,36.8,27.4,61,6.70,12.0
2020-08-16,28.0,22.4,33.0,23.8,53,3.00,12.0
2020-08-17,30.1,20.5,35.1,36.0,51,0.60,4.0
2020-08-18,30.1,21.0,33.4,34.6,2,0.00,0.0
2020-08-19,30.2,20.4,33.2,30.6,3,0.00,0.0
2020-08-20,31.0,20.4,34.9,36.7,61,3.60,5.0
2020-08-21,31.6,20.5,36.3,35.3,1,0.00,0.0
2020-08-22,30.0,21.4,35.3,28.4,53,2.50,6.0
2020-08-23,31.5,20.9,36.7,33.1,51,0.30,3.0
2020-08-24,30.1,21.4,33.9,38.2,51,0.60,5.0
2020-08-25,32.2,19.5,36.1,40.7,51,0.30,3.0
2020-08-26,30.3,21.2,31.3,48.6,51,0.10,1.0
2020-08-27,31.2,19.0,33.6,40.7,3,0.00,0.0
2020-08-28,30.9,19.3,33.6,39.2,61,5.70,12.0
2020-08-29,31.8,21.4,35.4,37.1,51,0.40,4.0
2020-08-30,31.6,20.0,35.0,42.1,51,0.10,1.0
2020-08-31,31.7,19.2,36.1,45.0,51,0.10,1.0
2020-09-01,30.1,20.2,32.4,39.2,55,3.10,7.0
2020-09-02,28.0,22.4,32.0,32.4,55,9.30,16.0
2020-09-03,29.3,22.3,33.4,28.1,63,6.80,15.0
2020-09-04,31.0,22.2,35.8,29.5,63,8.60,19.0
2020-09-05,30.8,22.1,34.2,38.5,51,0.50,5.0
2020-09-06,31.3,21.6,34.1,34.6,51,0.80,7.0
2020-09-07,29.4,22.3,32.8,31.0,53,3.90,21.0
2020-09-08,32.6,21.0,36.5,36.7,53,1.20,5.0
2020-09-09,32.7,21.5,36.6,38.2,51,0.70,2.0
2020-09-10,29.6,20.9,33.1,36.0,51,2.50,12.0
2020-09-11,29.2,20.5,31.9,33.8,51,1.50,7.0
2020-09-12,30.6,20.8,33.1,41.8,3,0.00,0.0
2020-09-13,29.5,21.4,31.2,35.6,53,2.90,13.0
2020-09-14,30.5,20.8,33.2,36.0,51,0.20,2.0
2020-09-15,31.8,20.5,33.4,40.7,3,0.00,0.0
2020-09-16,30.6,18.9,32.3,38.5,51,0.90,4.0
2020-09-17,31.0,20.5,34.6,32.4,51,1.40,9.0
2020-09-18,33.8,20.8,37.0,38.9,53,2.70,8.0
2020-09-19,36.0,21.8,38.8,40.7,53,2.10,4.0
2020-09-20,34.9,22.0,38.2,46.4,61,3.20,8.0
2020-09-21,30.0,22.3,33.1,37.1,61,10.50,13.0
2020-09-22,27.2,23.1,31.4,29.5,63,24.30,23.0
2020-09-23,30.6,22.6,34.8,32.8,53,2.90,13.0
2020-09-24,29.8,23.1,33.7,29.2,53,3.40,14.0
2020-09-25,30.6,22.5,36.5,31.3,53,2.50,12.0
2020-09-26,31.4,21.5,36.3,36.4,63,8.60,9.0
2020-09-27,30.4,22.2,34.3,31.3,53,2.10,10.0
2020-09-28,29.3,22.0,31.6,40.7,53,4.10,13.0
2020-09-29,28.2,21.2,31.2,35.6,63,11.20,20.0
2020-09-30,29.9,21.0,34.3,33.1,63,10.80,14.0
2020-10-01,32.2,22.4,38.1,31.0,63,10.40,12.0
2020-10-02,30.9,22.0,37.0,34.2,61,6.30,12.0
2020-10-03,28.6,22.8,32.6,32.4,55,8.90,20.0
2020-10-04,28.2,22.5,31.1,40.0,55,9.10,24.0
2020-10-05,27.4,21.8,30.2,39.2,61,18.20,23.0
2020-10-06,27.5,22.0,29.9,34.2,55,9.00,24.0
2020-10-07,28.7,22.4,31.6,29.5,51,0.30,2.0
2020-10-08,28.0,22.2,31.8,27.4,53,3.60,14.0
2020-10-09,29.1,21.5,33.8,26.3,53,2.80,10.0
2020-10-10,28.7,22.2,33.4,28.1,63,14.30,17.0
2020-10-11,32.3,23.0,36.0,29.9,63,27.80,20.0
2020-10-12,29.5,23.2,35.7,35.3,63,16.50,19.0
2020-10-13,29.8,22.3,35.5,26.3,63,9.50,8.0
2020-10-14,30.6,21.6,36.5,27.4,53,2.20,11.0
2020-10-15,28.5,22.8,32.6,27.7,63,9.20,23.0
2020-10-16,27.4,23.0,31.8,26.6,63,13.90,24.0
2020-10-17,29.1,22.6,34.2,27.7,51,2.60,14.0
2020-10-18,28.5,22.6,33.2,31.3,53,5.70,16.0
2020-10-19,28.0,22.9,32.8,24.1,63,24.30,21.0
2020-10-20,30.1,22.5,36.3,29.2,65,21.20,14.0
2020-10-21,26.4,22.9,31.4,19.1,65,54.60,22.0
2020-10-22,28.8,22.9,34.2,32.0,61,10.20,16.0
2020-10-23,27.5,22.7,33.1,27.0,63,19.20,21.0
2020-10-24,29.2,22.4,34.5,28.8,63,13.00,18.0
2020-10-25,28.5,22.9,33.7,29.9,65,39.50,23.0
2020-10-26,29.1,23.1,35.1,32.4,63,32.00,21.0
2020-10-27,26.8,22.6,31.7,25.6,65,117.50,24.0
2020-10-28,27.3,22.1,32.7,28.4,65,25.30,15.0
2020-10-29,30.5,22.0,36.0,27.7,63,15.60,21.0
2020-10-30,30.1,23.3,35.4,26.3,63,18.90,14.0
2020-10-31,28.2,22.6,33.1,28.1,63,22.50,18.0
2020-11-01,28.5,21.5,36.1,28.1,63,20.60,13.0
2020-11-02,27.5,23.0,32.4,33.5,63,22.80,19.0
2020-11-03,28.0,21.5,32.6,22.7,61,5.20,12.0
2020-11-04,29.5,21.8,35.0,30.2,61,6.30,11.0
2020-11-05,29.1,22.6,35.9,38.9,65,108.80,16.0
2020-11-06,30.7,21.4,37.1,34.2,61,6.10,12.0
2020-11-07,30.9,22.9,36.3,28.4,53,4.40,13.0
2020-11-08,29.5,22.7,35.5,31.3,61,4.30,14.0
2020-11-09,28.8,22.0,34.4,28.4,61,10.30,18.0
2020-11-10,29.2,22.6,34.7,31.3,53,5.30,17.0
2020-11-11,28.2,22.0,33.7,35.3,61,12.80,14.0
2020-11-12,31.0,22.6,36.7,28.1,61,5.20,8.0
2020-11-13,31.2,23.5,37.0,32.0,63,14.40,12.0
2020-11-14,29.6,22.9,36.7,28.4,63,17.30,13.0
2020-11-15,29.8,23.2,35.5,30.2,63,20.70,21.0
2020-11-16,30.3,23.0,35.9,31.7,63,10.70,13.0
2020-11-17,29.8,23.7,34.7,28.8,63,13.40,14.0
2020-11-18,30.0,23.0,36.5,31.0,65,24.30,14.0
2020-11-19,29.8,21.8,35.9,27.7,65,24.90,15.0
2020-11-20,28.4,22.5,34.3,26.6,65,21.30,8.0
2020-11-21,28.0,23.1,33.8,23.4,63,14.00,18.0
2020-11-22,26.5,22.9,31.3,20.9,63,24.00,21.0
2020-11-23,27.4,23.2,32.7,27.0,63,12.40,15.0
2020-11-24,26.7,22.8,32.0,23.8,51,1.60,14.0
2020-11-25,27.1,22.6,32.7,31.0,61,5.30,12.0
2020-11-26,28.7,23.0,33.9,28.1,61,4.80,7.0
2020-11-27,26.6,23.4,30.4,21.2,51,0.80,5.0
2020-11-28,27.0,22.5,32.8,21.2,65,24.10,15.0
2020-11-29,24.6,22.7,28.2,28.1,63,51.10,23.0
2020-11-30,26.0,22.3,30.1,23.4,63,23.80,18.0
2020-12-01,28.3,21.2,33.8,26.6,63,8.70,13.0
2020-12-02,28.9,22.7,35.8,22.7,63,32.20,18.0
2020-12-03,28.0,23.0,33.1,24.5,53,4.60,13.0
2020-12-04,28.4,22.7,33.0,24.8,61,7.70,17.0
2020-12-05,28.8,22.6,34.7,24.8,65,30.90,18.0
2020-12-06,27.7,22.4,33.3,27.4,61,10.20,19.0
2020-12-07,27.0,22.7,32.2,41.0,61,13.40,23.0
2020-12-08,31.6,23.0,36.8,34.9,61,8.70,11.0
2020-12-09,30.2,21.4,34.8,32.4,61,10.90,15.0
2020-12-10,28.5,22.2,33.5,26.3,61,5.00,13.0
2020-12-11,27.5,22.5,32.3,28.4,61,10.00,18.0
2020-12-12,26.6,22.5,31.5,26.6,65,63.10,24.0
2020-12-13,27.4,22.6,33.2,29.5,63,19.90,24.0
2020-12-14,27.5,22.7,32.7,29.9,63,28.20,24.0
2020-12-15,26.2,22.0,30.7,27.7,61,6.40,12.0
2020-12-16,26.7,22.0,30.7,33.5,63,11.20,10.0
2020-12-17,27.2,22.3,30.6,39.2,63,21.60,21.0
2020-12-18,26.6,23.0,30.0,36.7,63,19.60,18.0
2020-12-19,26.8,22.5,30.9,40.0,55,4.20,17.0
2020-12-20,27.8,22.4,31.0,35.3,51,1.60,10.0
2020-12-21,27.8,21.6,31.3,32.0,53,4.60,10.0
2020-12-22,28.0,23.1,32.7,30.6,53,3.80,18.0
2020-12-23,27.5,22.5,32.5,27.4,51,3.10,18.0
2020-12-24,28.6,22.7,33.8,29.2,51,1.20,8.0
2020-12-25,28.5,21.5,34.5,28.4,61,5.20,16.0
2020-12-26,28.2,22.6,33.1,24.5,63,12.20,9.0
2020-12-27,28.2,22.8,32.2,33.5,63,10.80,17.0
2020-12-28,28.8,22.2,34.2,31.0,65,10.40,14.0
2020-12-29,27.5,22.8,31.3,37.8,61,12.60,23.0
2020-12-30,26.8,22.8,31.4,31.0,63,17.50,17.0
2020-12-31,26.1,22.8,29.6,30.6,63,12.40,23.0
2021-01-01,27.1,22.5,32.2,26.3,63,23.80,20.0
2021-01-02,27.4,22.5,31.7,37.4,63,15.00,22.0
2021-01-03,28.2,22.8,32.7,39.2,63,8.60,14.0
2021-01-04,28.4,22.5,34.0,33.8,63,13.90,15.0
2021-01-05,27.7,22.4,33.5,24.8,65,22.90,13.0
2021-01-06,28.4,22.3,35.2,28.1,65,24.70,16.0
2021-01-07,28.4,22.4,33.5,28.1,61,3.80,9.0
2021-01-08,27.0,23.0,31.8,15.5,51,1.30,9.0
2021-01-09,27.8,22.4,33.4,28.1,63,9.70,18.0
2021-01-10,25.8,23.0,30.2,23.8,65,61.00,23.0
2021-01-11,27.8,22.2,33.4,29.5,63,23.40,12.0
2021-01-12,28.6,22.7,35.4,29.2,63,22.80,14.0
2021-01-13,28.0,23.2,32.4,41.8,55,4.60,13.0
2021-01-14,27.9,23.1,33.4,35.6,61,8.70,15.0
2021-01-15,27.8,21.9,32.0,30.2,51,1.10,6.0
2021-01-16,27.0,23.2,31.0,34.9,55,4.50,13.0
2021-01-17,28.5,22.5,33.9,33.5,61,4.60,9.0
2021-01-18,27.9,22.2,31.8,38.2,61,13.70,14.0
2021-01-19,27.9,22.2,32.9,29.9,63,12.50,16.0
2021-01-20,29.2,22.5,35.3,24.5,53,1.70,5.0
2021-01-21,29.1,23.1,34.9,21.6,53,5.00,13.0
2021-01-22,28.9,22.7,34.3,40.0,53,5.00,13.0
2021-01-23,29.5,22.5,35.2,23.0,63,4.80,5.0
2021-01-24,28.5,22.8,34.6,26.6,63,5.30,5.0
2021-01-25,28.1,22.0,33.2,25.2,53,1.70,4.0
2021-01-26,28.1,21.6,33.5,36.0,65,24.50,15.0
2021-01-27,27.0,22.9,30.3,41.0,61,14.90,22.0
2021-01-28,28.0,22.7,31.8,38.5,61,7.80,13.0
2021-01-29,27.8,22.4,32.1,43.9,61,6.50,15.0
2021-01-30,28.0,22.3,32.8,39.2,61,11.40,14.0
2021-01-31,30.0,22.5,35.6,36.7,63,12.00,10.0
2021-02-01,29.2,22.1,35.7,29.9,63,9.90,8.0
2021-02-02,28.9,21.9,34.2,40.3,63,10.30,13.0
2021-02-03,27.8,22.5,32.5,36.0,61,8.90,13.0
2021-02-04,29.4,22.3,35.6,42.1,63,12.00,12.0
2021-02-05,28.9,22.4,32.8,38.9,63,9.20,7.0
2021-02-06,28.2,22.3,34.0,46.4,63,8.20,12.0
2021-02-07,29.1,21.3,33.3,39.2,61,4.90,10.0
2021-02-08,29.0,23.2,35.0,38.2,61,8.40,15.0
2021-02-09,28.1,22.2,33.7,34.2,65,13.40,13.0
2021-02-10,26.1,22.9,31.7,23.4,65,31.30,20.0
2021-02-11,27.3,23.5,32.5,36.0,61,5.90,14.0
2021-02-12,28.0,22.9,33.9,29.5,63,13.00,17.0
2021-02-13,27.6,22.9,32.6,29.9,65,67.60,20.0
2021-02-14,26.8,22.2,32.9,28.4,63,6.40,14.0
2021-02-15,28.7,22.0,36.0,26.3,53,4.80,14.0
2021-02-16,29.0,22.6,35.9,27.7,63,10.40,10.0
2021-02-17,26.7,22.5,31.3,28.4,65,59.10,19.0
2021-02-18,29.4,22.2,35.3,38.9,63,12.40,11.0
2021-02-19,26.6,22.6,31.7,29.2,63,27.40,24.0
2021-02-20,28.2,21.9,36.0,33.8,61,7.40,15.0
2021-02-21,29.0,21.9,35.1,25.6,63,12.60,8.0
2021-02-22,28.0,22.5,33.9,34.2,63,5.50,6.0
2021-02-23,27.0,22.5,30.8,38.5,61,5.80,12.0
2021-02-24,25.9,22.6,29.7,47.2,63,19.00,20.0
2021-02-25,28.9,22.0,34.5,35.6,63,9.00,13.0
2021-02-26,26.9,22.7,33.0,34.2,63,21.90,19.0
2021-02-27,29.5,22.0,37.1,36.4,65,23.80,11.0
2021-02-28,28.1,22.4,32.7,37.4,53,2.50,11.0
2021-03-01,30.2,22.2,36.1,39.6,51,0.50,3.0
2021-03-02,29.6,21.8,36.5,31.0,63,7.10,3.0
2021-03-03,29.8,21.7,37.5,25.2,63,11.00,12.0
2021-03-04,29.0,23.5,34.8,31.3,63,8.20,7.0
2021-03-05,29.0,22.6,34.6,21.2,3,0.00,0.0
2021-03-06,29.1,21.8,34.9,25.9,63,8.40,8.0
2021-03-07,26.5,22.0,31.0,23.4,61,11.50,15.0
2021-03-08,27.5,22.1,31.7,25.2,53,4.50,14.0
2021-03-09,26.9,21.9,31.4,15.1,53,1.30,4.0
2021-03-10,29.2,21.1,36.3,26.3,65,14.90,12.0
2021-03-11,28.6,22.5,35.2,24.8,63,12.30,16.0
2021-03-12,29.0,21.9,35.6,25.2,63,11.10,7.0
2021-03-13,28.2,21.4,32.9,39.2,61,2.40,8.0
2021-03-14,28.6,22.2,33.8,33.5,63,5.40,7.0
2021-03-15,28.8,22.0,35.1,29.5,61,3.10,6.0
2021-03-16,28.5,21.5,34.6,22.0,55,2.60,6.0
2021-03-17,29.1,21.4,36.1,26.6,61,4.70,7.0
2021-03-18,28.8,22.0,35.2,31.7,63,12.00,9.0
2021-03-19,29.2,22.5,35.3,32.8,63,4.50,9.0
2021-03-20,28.4,22.0,34.9,30.2,63,5.70,13.0
2021-03-21,29.0,22.6,35.0,30.2,63,6.10,11.0
2021-03-22,29.0,23.0,34.9,24.8,63,9.00,6.0
2021-03-23,28.8,23.0,35.2,27.4,53,2.50,11.0
2021-03-24,29.2,22.6,35.4,25.6,53,3.20,7.0
2021-03-25,28.6,22.2,36.0,27.7,63,11.60,7.0
2021-03-26,29.5,22.4,36.1,25.2,63,8.20,14.0
2021-03-27,28.5,22.6,35.3,27.0,63,9.60,9.0
2021-03-28,27.6,22.8,33.8,28.4,63,9.20,17.0
2021-03-29,28.9,22.0,35.8,29.2,63,8.20,13.0
2021-03-30,28.8,23.1,33.7,27.0,61,6.50,14.0
2021-03-31,28.6,22.5,36.2,25.6,63,8.00,11.0
2021-04-01,29.5,22.6,36.0,34.2,65,53.00,13.0
2021-04-02,29.1,23.0,35.8,25.2,63,8.40,9.0
2021-04-03,30.5,23.2,38.8,33.5,63,5.20,8.0
2021-04-04,30.0,22.9,37.5,29.2,65,10.90,10.0
2021-04-05,29.3,23.9,36.4,21.6,61,4.60,10.0
2021-04-06,30.2,23.0,37.0,32.8,63,9.10,10.0
2021-04-07,28.5,23.5,34.3,28.4,63,7.50,14.0
2021-04-08,30.2,21.7,36.7,31.7,61,2.50,5.0
2021-04-09,30.4,22.5,37.5,25.9,63,7.30,8.0
2021-04-10,29.1,23.4,36.4,21.6,61,3.30,8.0
2021-04-11,29.5,22.8,36.7,26.6,63,8.70,14.0
2021-04-12,29.5,22.9,36.4,25.9,63,3.90,6.0
2021-04-13,27.5,22.4,34.3,27.7,61,6.40,11.0
2021-04-14,27.8,21.9,33.5,20.5,55,4.80,12.0
2021-04-15,29.2,22.0,34.2,27.0,53,4.40,12.0
2021-04-16,29.5,22.3,35.2,25.2,61,4.40,10.0
2021-04-17,28.8,22.5,33.8,30.6,53,2.30,11.0
2021-04-18,28.8,22.5,35.0,20.2,65,9.80,12.0
2021-04-19,29.5,22.0,34.7,31.0,51,1.70,10.0
2021-04-20,29.8,20.0,34.3,25.9,2,0.00,0.0
2021-04-21,29.5,19.2,33.4,27.0,2,0.00,0.0
2021-04-22,29.4,19.8,34.0,27.7,51,0.40,4.0
2021-04-23,28.0,19.8,33.5,28.8,53,2.30,9.0
2021-04-24,28.5,20.4,33.2,24.8,53,2.30,9.0
2021-04-25,29.6,22.8,34.6,21.6,53,3.20,10.0
2021-04-26,30.8,22.5,35.0,24.5,53,3.80,10.0
2021-04-27,30.0,22.0,34.3,28.1,51,0.10,1.0
2021-04-28,28.4,23.0,32.5,31.3,53,3.60,12.0
2021-04-29,28.9,22.4,34.1,25.2,51,1.00,6.0
2021-04-30,29.1,23.1,35.0,23.0,63,10.60,12.0
2021-05-01,30.5,22.4,35.7,27.7,53,1.20,4.0
2021-05-02,30.9,23.5,36.4,21.2,53,2.10,7.0
2021-05-03,30.9,23.4,36.2,24.1,51,0.40,1.0
2021-05-04,30.1,23.0,34.8,23.8,53,1.20,4.0
2021-05-05,29.7,23.0,34.8,25.2,53,3.20,9.0
2021-05-06,30.6,23.6,36.2,23.0,53,3.10,13.0
2021-05-07,29.8,23.0,35.0,25.2,51,2.50,13.0
2021-05-08,29.9,23.1,33.2,31.0,53,0.90,3.0
2021-05-09,29.4,20.2,34.1,23.0,3,0.00,0.0
2021-05-10,30.6,19.7,35.0,34.2,51,0.50,2.0
2021-05-11,31.8,21.2,36.0,28.4,51,1.10,7.0
2021-05-12,31.0,23.4,35.2,29.2,53,1.70,7.0
2021-05-13,31.5,21.3,35.7,24.1,51,0.70,5.0
2021-05-14,31.2,21.6,36.2,23.8,53,2.60,12.0
2021-05-15,31.1,23.3,35.9,27.4,51,1.70,11.0
2021-05-16,30.8,22.4,35.1,28.8,51,1.20,7.0
2021-05-17,29.1,22.0,33.3,24.1,61,9.00,12.0
2021-05-18,28.9,22.5,33.7,22.0,61,5.00,13.0
2021-05-19,29.4,22.7,34.1,18.7,55,2.40,8.0
2021-05-20,29.0,23.0,34.0,22.0,61,5.30,12.0
2021-05-21,30.5,22.1,34.5,24.8,53,1.70,7.0
2021-05-22,30.0,22.2,34.6,22.0,53,2.00,7.0
2021-05-23,29.0,22.5,34.3,20.9,53,4.30,12.0
2021-05-24,29.4,23.0,34.0,25.6,53,3.70,15.0
2021-05-25,28.8,23.5,33.0,21.2,61,10.70,13.0
2021-05-26,30.8,22.9,36.6,18.0,53,1.20,7.0
2021-05-27,31.3,22.0,36.9,16.2,51,0.30,2.0
2021-05-28,31.2,23.0,36.3,27.4,63,7.70,13.0
2021-05-29,28.4,23.4,33.5,22.7,61,6.60,11.0
2021-05-30,30.0,22.2,35.3,23.4,51,0.70,4.0
2021-05-31,29.6,22.1,34.9,25.9,53,1.40,6.0
2021-06-01,29.8,22.5,35.2,20.2,55,3.00,10.0
2021-06-02,30.9,23.0,36.5,19.8,53,2.60,9.0
2021-06-03,31.6,23.2,35.9,24.5,51,0.30,2.0
2021-06-04,32.2,22.8,36.8,34.9,51,0.10,1.0
2021-06-05,31.6,22.2,37.1,31.7,51,0.20,2.0
2021-06-06,30.5,22.9,35.0,30.2,53,4.10,11.0
2021-06-07,29.5,22.2,33.8,22.7,51,1.50,10.0
2021-06-08,31.4,21.6,36.4,30.6,55,2.90,8.0
2021-06-09,30.7,22.6,35.3,28.1,61,7.60,13.0
2021-06-10,29.6,22.8,35.2,26.6,53,3.80,12.0
2021-06-11,30.1,22.5,34.7,27.4,63,34.00,16.0
2021-06-12,29.4,22.6,36.1,23.8,61,8.80,14.0
2021-06-13,30.5,22.6,34.9,28.1,53,1.50,4.0
2021-06-14,29.3,23.0,34.2,18.0,55,2.00,6.0
2021-06-15,29.9,22.9,36.7,29.9,63,7.80,10.0
2021-06-16,29.6,22.1,35.5,26.3,65,56.00,12.0
2021-06-17,27.2,22.5,32.0,19.8,65,79.20,9.0
2021-06-18,28.6,21.8,33.8,27.7,53,0.90,3.0
2021-06-19,27.5,22.4,32.5,23.8,65,24.80,20.0
2021-06-20,27.9,22.8,33.2,19.4,55,4.40,9.0
2021-06-21,26.9,21.9,31.3,20.5,61,9.40,19.0
2021-06-22,28.0,22.5,33.1,24.8,63,12.40,17.0
2021-06-23,26.8,21.7,32.5,23.8,63,15.90,19.0
2021-06-24,26.5,22.2,32.1,26.6,65,24.00,17.0
2021-06-25,28.9,22.0,33.6,25.9,63,11.70,9.0
2021-06-26,29.4,22.0,34.8,24.8,63,5.30,6.0
2021-06-27,30.1,21.8,34.8,25.9,61,4.90,7.0
2021-06-28,28.3,21.6,34.1,23.4,63,11.10,10.0
2021-06-29,28.6,21.8,35.1,27.7,63,6.80,9.0
2021-06-30,29.5,22.4,34.0,27.4,55,5.10,13.0
2021-07-01,29.1,21.6,33.9,22.3,51,1.20,9.0
2021-07-02,29.6,20.8,34.0,24.8,3,0.00,0.0
2021-07-03,27.9,20.5,32.1,24.8,51,1.30,7.0
2021-07-04,28.0,21.6,32.5,23.0,51,0.80,4.0
2021-07-05,28.4,19.6,31.3,30.6,51,0.10,1.0
2021-07-06,27.2,19.1,29.5,29.9,3,0.00,0.0
2021-07-07,28.1,18.1,31.7,32.8,51,0.10,1.0
2021-07-08,28.6,18.8,33.4,19.8,51,0.50,3.0
2021-07-09,29.6,21.5,34.2,24.8,63,13.50,13.0
2021-07-10,30.3,21.8,35.6,21.2,63,8.00,7.0
2021-07-11,31.4,22.2,35.4,27.0,3,0.00,0.0
2021-07-12,28.5,20.5,33.4,25.9,53,1.50,4.0
2021-07-13,28.2,21.9,32.2,26.6,51,1.80,7.0
2021-07-14,28.5,21.8,30.7,29.2,53,2.00,10.0
2021-07-15,28.5,21.2,30.2,36.4,51,1.00,7.0
2021-07-16,28.8,19.5,32.1,31.7,3,0.00,0.0
2021-07-17,29.0,19.5,33.2,29.5,53,2.00,6.0
2021-07-18,29.3,20.5,33.6,31.0,3,0.00,0.0
2021-07-19,29.8,21.2,34.9,32.0,53,2.30,9.0
2021-07-20,31.5,22.3,36.2,33.1,53,3.30,12.0
2021-07-21,29.4,22.2,34.1,23.4,51,1.40,10.0
2021-07-22,27.1,20.4,30.7,19.1,3,0.00,0.0
2021-07-23,28.2,20.2,33.2,27.7,61,6.80,11.0
2021-07-24,29.5,20.5,34.4,29.9,2,0.00,0.0
2021-07-25,28.8,19.0,32.2,27.7,3,0.00,0.0
2021-07-26,29.0,17.0,33.0,27.4,3,0.00,0.0
2021-07-27,29.5,19.8,33.8,42.5,3,0.00,0.0
2021-07-28,28.9,21.3,31.9,37.4,3,0.00,0.0
2021-07-29,28.9,21.1,32.2,35.3,51,1.40,10.0
2021-07-30,28.8,19.7,33.2,26.6,53,3.00,8.0
2021-07-31,28.2,22.1,31.8,28.1,61,8.00,16.0
2021-08-01,26.9,21.2,30.0,31.0,55,6.10,11.0
2021-08-02,27.0,21.0,30.1,29.5,61,5.80,11.0
2021-08-03,26.8,22.0,30.8,34.2,63,9.60,17.0
2021-08-04,27.3,22.8,31.7,27.7,63,12.30,15.0
2021-08-05,30.0,22.1,35.2,27.0,63,11.20,12.0
2021-08-06,32.0,21.1,35.8,27.7,53,1.30,5.0
2021-08-07,30.1,23.2,36.5,25.9,53,1.20,7.0
2021-08-08,30.5,23.1,36.4,26.6,53,2.40,10.0
2021-08-09,30.6,21.6,35.4,26.6,55,4.00,10.0
2021-08-10,28.7,22.0,32.8,33.1,51,1.80,7.0
2021-08-11,29.5,20.4,31.5,37.8,2,0.00,0.0
2021-08-12,28.0,18.7,31.7,30.2,61,8.50,12.0
2021-08-13,28.9,20.5,33.9,25.2,63,17.00,12.0
2021-08-14,29.7,22.0,34.2,31.0,53,2.50,11.0
2021-08-15,31.5,20.2,35.8,22.3,51,0.40,3.0
2021-08-16,31.0,22.1,34.5,30.2,51,0.20,2.0
2021-08-17,29.4,20.5,34.0,26.6,51,0.40,4.0
2021-08-18,29.1,20.5,33.1,26.6,53,3.80,13.0
2021-08-19,28.1,21.9,31.0,30.2,53,2.30,7.0
2021-08-20,27.9,20.1,31.3,28.4,53,2.70,9.0
2021-08-21,27.5,22.5,32.7,30.2,61,13.40,21.0
2021-08-22,29.9,22.0,33.0,32.8,53,1.10,5.0
2021-08-23,29.5,21.1,33.9,33.1,51,0.10,1.0
2021-08-24,28.9,20.5,31.5,35.3,53,1.30,6.0
2021-08-25,27.4,21.2,30.6,32.0,51,2.20,11.0
2021-08-26,29.3,21.0,32.1,36.4,51,0.20,2.0
2021-08-27,27.9,18.7,30.3,34.6,51,0.70,5.0
2021-08-28,28.5,20.4,31.8,26.6,53,3.50,12.0
2021-08-29,29.5,20.5,33.7,33.5,51,1.30,12.0
2021-08-30,30.3,21.4,34.2,32.4,53,2.80,7.0
2021-08-31,30.8,21.6,35.5,33.5,53,3.20,17.0
2021-09-01,30.2,21.5,33.5,37.8,51,0.30,2.0
2021-09-02,29.7,21.2,32.4,34.9,51,1.50,7.0
2021-09-03,27.2,21.5,29.4,30.6,53,4.80,17.0
2021-09-04,26.9,21.0,30.2,29.9,55,5.10,12.0
2021-09-05,26.4,21.2,30.1,16.6,51,0.60,5.0
2021-09-06,31.0,20.6,35.7,30.6,61,4.90,8.0
2021-09-07,28.5,22.0,32.8,29.9,53,2.50,12.0
2021-09-08,29.8,21.4,32.7,36.7,51,1.70,10.0
2021-09-09,29.1,19.0,31.6,33.8,51,0.60,3.0
2021-09-10,29.5,20.5,34.2,32.0,61,5.40,10.0
2021-09-11,29.4,22.0,34.5,30.6,61,4.80,14.0
2021-09-12,28.7,22.1,33.6,32.8,65,29.60,18.0
2021-09-13,29.6,22.5,35.5,23.8,53,2.10,8.0
2021-09-14,27.9,22.4,33.8,25.2,65,19.90,19.0
2021-09-15,29.5,22.0,35.3,25.6,63,8.70,8.0
2021-09-16,30.0,22.9,35.7,25.9,61,7.20,21.0
2021-09-17,29.9,21.5,35.0,34.9,63,7.50,8.0
2021-09-18,28.9,20.8,33.2,25.9,53,3.40,11.0
2021-09-19,28.8,21.4,32.6,34.2,55,3.50,10.0
2021-09-20,27.7,21.5,31.2,30.6,53,2.90,9.0
2021-09-21,28.0,20.9,33.2,26.3,63,25.20,10.0
2021-09-22,30.9,21.6,34.7,34.2,63,9.80,9.0
2021-09-23,31.0,21.9,35.9,34.6,63,11.30,12.0
2021-09-24,30.5,22.3,35.6,30.6,55,4.60,14.0
2021-09-25,30.5,22.5,36.2,27.0,61,9.50,17.0
2021-09-26,29.5,22.6,35.7,25.9,63,6.90,11.0
2021-09-27,29.4,22.2,33.6,30.6,3,0.00,0.0
2021-09-28,27.8,21.3,30.6,32.8,51,1.00,9.0
2021-09-29,28.9,19.9,33.8,32.0,51,0.80,4.0
2021-09-30,28.8,22.2,33.9,28.1,51,0.70,5.0
2021-10-01,28.4,21.0,33.3,26.3,53,4.30,14.0
2021-10-02,29.4,20.6,34.3,31.3,53,2.20,10.0
2021-10-03,28.0,22.4,32.2,26.3,51,2.30,13.0
2021-10-04,27.6,21.9,30.8,29.9,51,0.30,2.0
2021-10-05,26.6,21.6,31.2,30.2,51,3.20,14.0
2021-10-06,28.0,21.5,31.6,33.5,53,4.90,16.0
2021-10-07,28.5,20.6,32.4,28.8,3,0.00,0.0
2021-10-08,26.8,20.8,31.0,32.0,61,8.10,14.0
2021-10-09,28.8,22.5,33.5,33.5,53,5.80,21.0
2021-10-10,29.5,22.8,34.9,31.3,53,4.30,19.0
2021-10-11,27.9,22.5,33.5,29.2,61,7.20,18.0
2021-10-12,30.2,21.8,34.6,38.9,51,1.40,8.0
2021-10-13,29.5,21.8,34.3,31.3,3,0.00,0.0
2021-10-14,28.6,21.7,33.9,28.8,51,0.40,3.0
2021-10-15,28.8,20.9,33.7,23.4,55,2.00,5.0
2021-10-16,29.7,23.3,33.9,27.7,51,1.40,10.0
2021-10-17,30.5,21.9,36.4,26.3,61,2.90,9.0
2021-10-18,29.5,22.2,36.1,30.2,65,25.00,13.0
2021-10-19,29.6,21.8,35.8,25.6,61,6.30,13.0
2021-10-20,30.4,22.2,37.5,26.6,61,5.40,15.0
2021-10-21,30.1,22.9,37.0,29.5,63,5.70,12.0
2021-10-22,28.8,22.1,34.1,27.7,63,17.30,15.0
2021-10-23,29.7,20.9,36.1,23.8,65,17.50,12.0
2021-10-24,29.5,22.5,35.4,26.3,51,2.50,10.0
2021-10-25,29.1,22.8,34.9,30.2,53,2.70,17.0
2021-10-26,27.3,22.9,32.7,26.3,63,10.80,18.0
2021-10-27,29.3,22.8,36.2,35.6,65,35.10,17.0
2021-10-28,29.8,22.0,37.0,25.6,65,27.40,10.0
2021-10-29,27.1,22.2,32.6,21.2,63,20.00,17.0
2021-10-30,27.5,22.7,32.7,21.2,63,15.20,19.0
2021-10-31,28.7,21.6,34.0,27.0,65,39.30,15.0
2021-11-01,28.3,22.2,33.8,26.6,65,49.60,16.0
2021-11-02,26.3,21.9,31.1,26.3,63,11.00,13.0
2021-11-03,29.6,22.5,35.9,32.4,65,30.10,16.0
2021-11-04,29.5,22.0,36.8,26.6,63,24.50,14.0
2021-11-05,29.9,22.0,37.1,24.8,65,16.70,13.0
2021-11-06,30.4,22.5,37.7,26.6,65,34.50,11.0
2021-11-07,29.2,21.9,36.7,20.2,65,48.30,15.0
2021-11-08,29.3,21.8,33.8,24.5,63,7.30,7.0
2021-11-09,30.2,22.5,37.1,28.4,63,11.50,9.0
2021-11-10,26.7,23.1,30.6,29.2,63,16.40,21.0
2021-11-11,25.0,23.0,30.0,22.7,65,42.20,24.0
2021-11-12,27.0,22.2,31.9,31.7,65,17.40,13.0
2021-11-13,27.9,22.9,33.5,23.4,61,8.90,14.0
2021-11-14,25.1,22.7,29.6,23.8,63,22.50,22.0
2021-11-15,26.7,22.8,31.5,19.1,63,15.20,16.0
2021-11-16,28.0,22.4,33.6,24.5,63,14.70,17.0
2021-11-17,29.5,23.1,35.9,29.9,63,12.70,19.0
2021-11-18,27.5,22.4,32.8,20.5,63,10.50,14.0
2021-11-19,28.2,22.3,34.3,25.9,65,43.30,14.0
2021-11-20,27.3,21.4,32.1,20.5,63,16.70,11.0
2021-11-21,29.1,22.4,35.2,22.7,65,10.80,8.0
2021-11-22,28.0,22.8,33.6,20.9,63,10.50,12.0
2021-11-23,27.1,22.5,31.8,21.2,63,26.50,20.0
2021-11-24,28.5,23.0,33.1,24.1,53,2.40,8.0
2021-11-25,29.1,23.3,35.7,30.2,63,13.70,8.0
2021-11-26,27.4,22.7,32.6,28.8,63,13.60,15.0
2021-11-27,25.4,22.2,29.1,27.7,63,11.60,17.0
2021-11-28,26.3,22.6,30.7,26.6,65,17.00,10.0
2021-11-29,27.9,22.0,33.2,26.3,51,0.60,3.0
2021-11-30,28.5,21.2,34.5,28.4,63,19.10,9.0
2021-12-01,27.7,21.8,33.2,33.8,63,17.30,13.0
2021-12-02,30.5,22.3,34.9,31.3,53,1.20,7.0
2021-12-03,27.5,22.5,31.4,25.9,61,5.10,14.0
2021-12-04,28.0,23.0,32.1,35.6,63,20.00,17.0
2021-12-05,27.6,22.4,32.1,36.0,63,12.50,19.0
2021-12-06,28.5,22.9,33.8,27.7,55,3.70,9.0
2021-12-07,29.1,22.5,36.5,23.8,63,9.40,9.0
2021-12-08,30.2,23.2,36.6,22.7,53,1.70,6.0
2021-12-09,28.5,22.2,34.7,24.8,63,13.40,14.0
2021-12-10,28.8,22.5,35.4,27.0,55,4.50,12.0
2021-12-11,29.6,22.7,35.7,29.2,63,10.40,11.0
2021-12-12,28.9,23.0,33.9,31.7,53,1.90,9.0
2021-12-13,29.6,23.0,35.5,29.2,3,0.00,0.0
2021-12-14,27.4,23.4,32.2,31.7,53,2.00,10.0
2021-12-15,27.4,22.6,32.7,25.9,63,8.30,9.0
2021-12-16,26.4,23.5,32.2,29.9,63,19.00,19.0
2021-12-17,28.8,22.1,34.9,27.4,65,44.90,13.0
2021-12-18,28.6,22.8,34.9,24.5,65,19.70,17.0
2021-12-19,29.5,22.1,36.6,25.9,65,46.40,14.0
2021-12-20,25.2,22.2,30.4,13.7,63,17.80,22.0
2021-12-21,28.4,23.1,34.5,22.3,65,20.80,14.0
2021-12-22,28.7,22.5,36.0,21.2,63,10.30,11.0
2021-12-23,28.5,21.7,35.7,22.7,65,76.30,12.0
2021-12-24,29.9,22.4,36.9,31.0,63,18.00,15.0
2021-12-25,29.2,21.8,37.0,28.1,65,19.70,8.0
2021-12-26,29.1,22.4,35.2,31.7,63,6.90,8.0
2021-12-27,29.0,23.1,36.0,29.5,63,17.90,10.0
2021-12-28,29.3,21.8,35.1,26.6,63,7.20,7.0
2021-12-29,29.0,22.1,35.7,26.6,55,2.90,12.0
2021-12-30,27.4,22.6,32.6,26.6,63,8.50,17.0
2021-12-31,28.7,21.8,33.1,33.8,63,7.70,10.0
2022-01-01,28.9,22.1,35.6,33.8,63,11.00,10.0
2022-01-02,27.8,22.1,33.7,29.5,51,1.90,11.0
2022-01-03,28.5,22.9,32.9,28.1,51,0.20,2.0
2022-01-04,28.8,20.8,34.1,25.9,51,0.10,1.0
2022-01-05,29.2,21.6,34.0,25.6,51,0.40,2.0
2022-01-06,29.8,21.8,36.0,27.0,63,8.40,6.0
2022-01-07,28.8,22.9,33.5,29.5,55,3.90,10.0
2022-01-08,29.5,22.9,36.5,25.2,63,7.10,7.0
2022-01-09,27.7,21.5,33.9,31.7,65,20.70,9.0
2022-01-10,29.4,22.2,35.7,28.4,65,16.70,11.0
2022-01-11,28.5,22.1,33.8,34.6,65,30.10,13.0
2022-01-12,28.0,21.6,34.7,27.4,63,18.10,13.0
2022-01-13,28.1,22.0,33.8,25.9,63,22.80,16.0
2022-01-14,29.7,22.0,34.4,23.4,61,2.70,4.0
2022-01-15,29.5,21.3,35.2,33.5,61,6.40,10.0
2022-01-16,29.9,21.6,34.9,32.4,63,5.30,7.0
2022-01-17,29.1,21.4,35.5,29.2,63,5.10,7.0
2022-01-18,28.3,22.1,34.4,31.3,61,7.80,12.0
2022-01-19,28.6,21.2,35.2,31.0,65,22.90,14.0
2022-01-20,24.9,21.6,28.8,24.8,63,47.00,23.0
2022-01-21,28.5,22.5,34.8,28.8,63,10.50,18.0
2022-01-22,28.5,21.8,34.9,30.2,63,9.70,9.0
2022-01-23,28.6,22.4,32.9,33.5,63,9.20,8.0
2022-01-24,29.0,23.6,33.8,37.4,51,1.30,7.0
2022-01-25,28.6,23.0,34.2,40.7,61,6.80,9.0
2022-01-26,30.1,21.7,37.0,37.1,63,11.10,7.0
2022-01-27,29.2,22.1,35.5,34.2,63,7.40,10.0
2022-01-28,28.7,22.1,34.8,32.0,63,4.10,10.0
2022-01-29,29.4,22.3,36.0,24.1,61,3.80,10.0
2022-01-30,27.9,23.2,32.7,25.2,53,2.40,11.0
2022-01-31,29.5,22.4,35.7,31.7,63,5.80,3.0
2022-02-01,29.3,22.5,35.2,31.0,63,3.20,4.0
2022-02-02,29.4,22.0,37.1,27.0,63,17.90,11.0
2022-02-03,29.5,22.5,35.8,27.4,63,4.90,5.0
2022-02-04,29.7,21.8,36.2,25.2,63,5.70,5.0
2022-02-05,26.7,22.5,30.8,26.3,63,26.60,23.0
2022-02-06,29.0,23.1,35.9,28.4,65,24.80,16.0
2022-02-07,29.4,23.0,35.0,32.8,55,5.80,10.0
2022-02-08,30.0,22.1,37.4,20.5,61,4.90,8.0
2022-02-09,28.8,22.1,35.1,28.8,65,19.70,8.0
2022-02-10,29.8,22.6,35.9,27.0,51,0.90,6.0
2022-02-11,27.8,23.0,32.6,14.0,53,0.90,3.0
2022-02-12,30.1,22.5,35.4,27.0,63,9.90,8.0
2022-02-13,28.7,22.7,33.6,23.0,63,15.20,9.0
2022-02-14,27.1,23.1,30.6,20.5,61,9.20,16.0
2022-02-15,25.3,21.5,29.2,27.4,63,13.30,15.0
2022-02-16,28.2,21.8,35.3,26.6,63,15.30,14.0
2022-02-17,29.0,21.0,35.3,22.0,65,25.40,13.0
2022-02-18,27.0,22.3,33.0,19.8,65,16.70,15.0
2022-02-19,28.2,22.5,35.8,23.8,63,18.60,10.0
2022-02-20,27.6,21.6,32.6,20.5,53,0.50,1.0
2022-02-21,28.4,23.5,34.4,25.2,63,12.90,4.0
2022-02-22,28.7,20.9,33.1,33.1,63,5.60,5.0
2022-02-23,28.9,20.6,34.6,32.8,55,3.80,15.0
2022-02-24,28.3,21.6,34.0,35.6,53,2.70,13.0
2022-02-25,28.0,21.8,32.3,34.2,65,21.60,9.0
2022-02-26,28.9,21.4,35.8,27.4,63,14.80,14.0
2022-02-27,29.0,21.9,36.4,34.6,65,16.90,7.0
2022-02-28,28.5,22.4,34.2,37.1,63,10.00,9.0
2022-03-01,29.6,21.1,33.6,40.7,61,7.40,9.0
2022-03-02,28.1,22.5,32.3,39.6,63,13.10,12.0
2022-03-03,28.5,22.0,34.6,29.9,63,7.50,11.0
2022-03-04,28.0,21.5,34.2,28.8,63,6.30,7.0
2022-03-05,27.5,22.3,34.0,28.8,65,17.50,13.0
2022-03-06,28.0,21.2,32.9,27.0,63,7.30,10.0
2022-03-07,26.3,22.9,30.5,25.6,63,10.00,15.0
2022-03-08,27.1,22.0,33.3,23.8,61,5.10,16.0
2022-03-09,28.1,22.2,35.4,26.6,63,16.20,17.0
2022-03-10,28.7,22.3,34.7,25.6,63,17.40,22.0
2022-03-11,28.7,22.0,35.6,28.1,63,14.90,10.0
2022-03-12,28.1,21.9,36.0,23.0,63,6.50,10.0
2022-03-13,30.3,22.6,36.5,32.0,61,7.10,12.0
2022-03-14,29.5,23.0,37.7,31.7,65,21.60,13.0
2022-03-15,27.0,22.5,32.4,24.1,65,32.00,21.0
2022-03-16,28.0,22.6,34.7,27.4,63,16.00,12.0
2022-03-17,30.8,22.5,37.5,25.9,63,4.50,3.0
2022-03-18,27.8,22.1,34.2,24.8,65,21.00,10.0
2022-03-19,28.1,22.0,34.0,27.4,53,3.20,11.0
2022-03-20,29.0,22.9,35.8,29.9,63,9.00,13.0
2022-03-21,28.2,22.2,33.2,38.2,63,8.10,9.0
2022-03-22,29.8,21.2,37.0,24.1,63,10.70,9.0
2022-03-23,29.4,22.5,36.3,27.4,65,31.00,9.0
2022-03-24,29.3,21.8,36.2,23.4,63,13.30,9.0
2022-03-25,28.5,22.5,33.7,21.6,63,5.70,8.0
2022-03-26,28.5,22.2,35.7,23.0,63,10.30,15.0
2022-03-27,28.9,22.8,34.5,28.1,61,3.10,4.0
2022-03-28,29.3,21.9,37.5,26.6,55,4.70,11.0
2022-03-29,30.2,22.3,37.0,34.2,63,6.10,3.0
2022-03-30,29.9,22.0,36.7,22.0,53,1.60,8.0
2022-03-31,28.5,22.5,35.4,20.2,65,19.50,9.0
2022-04-01,29.2,21.2,36.2,32.4,65,28.90,11.0
2022-04-02,29.3,22.1,35.1,19.4,63,11.20,8.0
2022-04-03,27.8,22.5,33.9,25.2,63,9.70,10.0
2022-04-04,28.0,21.6,34.5,29.2,63,10.60,11.0
2022-04-05,27.9,21.5,34.7,21.6,61,5.50,9.0
2022-04-06,27.7,21.0,34.5,25.6,61,6.70,13.0
2022-04-07,25.9,21.6,30.6,23.8,63,18.20,12.0
2022-04-08,27.4,21.6,33.3,26.3,61,5.00,12.0
2022-04-09,27.1,22.3,32.6,22.7,61,3.40,9.0
2022-04-10,27.9,22.3,34.0,22.3,65,26.20,9.0
2022-04-11,29.6,22.1,36.5,24.1,65,14.40,5.0
2022-04-12,30.0,21.0,35.3,26.6,61,2.00,4.0
2022-04-13,28.5,21.4,35.3,22.0,65,14.70,11.0
2022-04-14,29.4,22.4,35.5,25.2,55,4.50,11.0
2022-04-15,31.0,22.8,36.6,24.1,53,2.20,7.0
2022-04-16,29.6,21.9,36.5,21.6,63,16.00,8.0
2022-04-17,30.4,22.1,37.3,23.4,63,14.50,6.0
2022-04-18,29.5,23.0,36.0,20.5,65,42.50,9.0
2022-04-19,28.2,22.0,34.3,26.6,65,17.30,15.0
2022-04-20,26.8,22.4,33.2,18.7,61,13.10,20.0
2022-04-21,26.5,22.2,32.6,19.4,63,13.70,17.0
2022-04-22,30.1,22.1,37.5,20.9,55,2.50,5.0
2022-04-23,29.8,22.1,36.6,18.0,61,5.10,9.0
2022-04-24,29.0,22.0,35.8,23.8,61,3.70,9.0
2022-04-25,28.7,22.2,35.9,25.6,65,17.50,12.0
2022-04-26,27.9,22.4,35.2,19.4,65,26.40,7.0
2022-04-27,29.6,22.1,37.4,27.4,63,9.90,6.0
2022-04-28,29.6,22.3,37.1,23.8,65,20.20,9.0
2022-04-29,28.8,22.5,35.3,23.0,63,7.40,8.0
2022-04-30,29.2,22.2,36.6,19.1,65,18.00,8.0
2022-05-01,30.0,22.5,35.9,25.6,63,5.40,9.0
2022-05-02,29.3,22.5,35.7,29.2,65,12.40,12.0
2022-05-03,30.8,23.1,36.3,26.3,63,8.60,7.0
2022-05-04,29.8,23.3,35.2,32.8,55,3.20,10.0
2022-05-05,29.0,22.0,35.5,23.8,61,4.10,7.0
2022-05-06,29.5,22.2,35.8,23.4,63,11.10,8.0
2022-05-07,30.1,23.7,36.9,23.8,65,24.40,8.0
2022-05-08,28.2,22.0,33.9,27.7,63,10.40,13.0
2022-05-09,29.9,22.5,36.7,26.3,63,4.50,4.0
2022-05-10,29.5,23.7,36.6,25.2,63,7.50,7.0
2022-05-11,30.1,22.8,36.7,19.8,63,8.10,5.0
2022-05-12,29.8,23.0,36.7,26.6,65,18.10,13.0
2022-05-13,29.8,23.6,37.4,21.2,63,7.00,8.0
2022-05-14,28.4,22.5,34.1,24.1,63,10.80,13.0
2022-05-15,29.1,24.0,35.4,24.1,61,10.00,10.0
2022-05-16,28.5,22.8,35.1,23.0,53,2.70,17.0
2022-05-17,28.9,22.9,35.0,23.4,51,1.50,10.0
2022-05-18,29.4,23.5,35.9,25.9,63,9.30,10.0
2022-05-19,28.0,22.6,34.2,27.0,63,24.90,20.0
2022-05-20,27.4,22.2,33.4,21.2,65,19.00,18.0
2022-05-21,27.9,22.4,34.0,22.7,63,13.50,19.0
2022-05-22,28.5,21.9,33.5,20.9,61,2.30,4.0
2022-05-23,30.2,21.5,34.6,24.5,51,0.20,2.0
2022-05-24,30.6,22.1,37.3,15.8,61,2.70,5.0
2022-05-25,29.4,22.6,35.9,19.1,63,4.40,6.0
2022-05-26,26.4,22.1,31.8,26.3,65,28.00,14.0
2022-05-27,28.5,22.5,34.2,22.0,51,1.40,7.0
2022-05-28,30.2,23.0,37.0,22.7,65,15.40,4.0
2022-05-29,29.8,21.5,36.8,20.5,61,5.30,6.0
2022-05-30,30.2,21.1,36.6,23.8,51,0.80,3.0
2022-05-31,29.1,21.2,35.5,26.3,63,12.10,9.0
2022-06-01,26.9,22.1,32.4,21.2,63,7.30,9.0
2022-06-02,28.4,21.9,34.8,24.1,61,3.80,10.0
2022-06-03,27.7,21.8,33.5,22.0,61,3.80,14.0
2022-06-04,28.5,21.5,34.1,19.8,63,21.30,14.0
2022-06-05,27.5,21.6,33.4,18.7,63,7.50,15.0
2022-06-06,26.9,21.0,33.3,20.5,65,19.20,13.0
2022-06-07,30.1,21.9,34.4,24.1,61,2.20,2.0
2022-06-08,29.4,22.2,36.0,23.4,65,26.50,15.0
2022-06-09,28.0,20.9,33.9,21.2,63,12.60,9.0
2022-06-10,28.4,22.4,33.7,22.3,53,1.90,5.0
2022-06-11,28.6,23.1,34.7,26.6,65,18.70,10.0
2022-06-12,28.3,22.1,34.3,24.1,63,11.20,13.0
2022-06-13,27.9,22.5,33.6,23.8,65,23.90,15.0
2022-06-14,26.5,22.0,31.4,18.7,63,7.60,11.0
2022-06-15,29.2,22.0,36.1,21.2,61,3.40,7.0
2022-06-16,28.0,21.3,33.7,22.7,63,8.40,13.0
2022-06-17,26.6,21.2,31.3,23.4,53,2.20,7.0
2022-06-18,28.0,21.8,33.8,24.1,65,20.80,11.0
2022-06-19,27.9,21.9,34.8,24.8,63,14.40,12.0
2022-06-20,29.0,22.0,33.6,33.8,63,11.60,10.0
2022-06-21,29.4,21.1,33.5,26.6,51,0.10,1.0
2022-06-22,29.0,22.2,32.2,28.8,51,0.20,2.0
2022-06-23,28.2,20.8,33.8,26.6,63,4.40,7.0
2022-06-24,28.2,22.3,32.5,33.5,55,2.30,7.0
2022-06-25,27.3,22.0,32.9,24.1,65,11.10,8.0
2022-06-26,27.7,22.5,32.3,34.6,63,17.40,13.0
2022-06-27,27.0,21.5,31.0,29.9,55,3.20,9.0
2022-06-28,28.1,21.1,31.3,26.3,3,0.00,0.0
2022-06-29,28.1,20.5,32.4,20.9,3,0.00,0.0
2022-06-30,28.5,19.4,33.2,28.8,51,1.50,8.0
2022-07-01,28.5,19.9,32.3,35.6,53,1.30,7.0
2022-07-02,28.3,21.5,32.8,28.4,63,10.60,13.0
2022-07-03,29.3,21.6,35.3,20.5,63,8.20,8.0
2022-07-04,30.0,21.8,36.9,17.6,61,2.00,5.0
2022-07-05,29.6,22.0,35.6,21.2,53,1.90,7.0
2022-07-06,27.5,22.0,34.0,25.6,63,10.00,13.0
2022-07-07,28.0,20.9,32.3,26.3,51,0.20,2.0
2022-07-08,26.9,19.9,30.3,28.1,53,3.40,11.0
2022-07-09,26.0,18.5,30.0,20.9,51,2.00,11.0
2022-07-10,28.0,18.8,31.3,27.4,51,0.60,4.0
2022-07-11,29.2,20.9,34.3,25.2,61,3.00,6.0
2022-07-12,29.0,21.5,34.1,27.4,63,10.00,7.0
2022-07-13,29.3,21.5,34.4,22.3,63,8.90,11.0
2022-07-14,28.9,21.2,33.8,25.6,63,8.20,9.0
2022-07-15,28.9,22.1,33.9,24.8,61,4.80,14.0
2022-07-16,27.3,21.5,31.9,27.4,63,8.20,9.0
2022-07-17,28.4,22.4,32.2,25.6,51,0.10,1.0
2022-07-18,27.6,20.0,32.3,22.0,53,3.90,11.0
2022-07-19,29.1,22.7,33.6,24.5,51,0.60,6.0
2022-07-20,29.5,20.0,34.6,29.2,51,1.00,4.0
2022-07-21,27.5,21.4,30.6,30.2,51,0.90,8.0
2022-07-22,28.2,22.6,32.5,25.9,61,4.00,10.0
2022-07-23,27.1,21.4,31.5,30.2,53,2.20,8.0
2022-07-24,27.0,20.9,29.2,35.3,51,0.10,1.0
2022-07-25,27.6,17.4,30.1,26.3,3,0.00,0.0
2022-07-26,28.5,18.0,32.4,22.3,3,0.00,0.0
2022-07-27,30.6,20.3,35.1,34.2,53,1.00,4.0
2022-07-28,30.7,21.2,34.6,30.2,51,0.40,3.0
2022-07-29,30.0,20.7,35.5,29.9,51,0.30,2.0
2022-07-30,29.4,21.1,34.3,32.8,3,0.00,0.0
2022-07-31,30.0,20.1,34.4,26.3,3,0.00,0.0
2022-08-01,30.6,20.8,35.5,35.6,51,0.10,1.0
2022-08-02,28.8,22.1,32.0,27.7,63,14.80,6.0
2022-08-03,30.2,21.5,35.6,27.0,63,6.50,10.0
2022-08-04,29.5,20.5,34.3,29.5,53,1.60,5.0
2022-08-05,29.1,19.5,34.2,30.6,3,0.00,0.0
2022-08-06,27.5,18.3,31.9,27.7,53,3.70,12.0
2022-08-07,27.5,21.8,30.8,31.0,61,5.10,17.0
2022-08-08,28.3,21.3,31.9,28.4,51,2.40,14.0
2022-08-09,29.5,20.8,32.8,31.3,51,2.00,9.0
2022-08-10,28.8,22.0,33.6,25.9,61,10.50,15.0
2022-08-11,28.2,22.2,33.9,25.2,63,19.00,17.0
2022-08-12,29.9,22.4,36.5,28.1,63,13.20,8.0
2022-08-13,27.3,21.3,32.4,21.2,61,3.00,11.0
2022-08-14,28.8,21.9,34.8,33.1,65,21.20,8.0
2022-08-15,30.0,21.9,35.0,28.4,65,18.30,9.0
2022-08-16,28.0,21.5,33.8,22.3,53,3.60,14.0
2022-08-17,29.0,21.4,33.2,31.7,51,0.20,2.0
2022-08-18,27.3,21.2,31.7,32.0,55,6.00,10.0
2022-08-19,29.1,21.3,33.2,37.1,55,3.50,7.0
2022-08-20,28.6,20.5,32.5,28.8,3,0.00,0.0
2022-08-21,27.5,21.8,32.2,22.7,61,6.00,10.0
2022-08-22,28.0,21.4,31.4,28.4,51,1.10,7.0
2022-08-23,28.2,20.0,31.1,35.6,3,0.00,0.0
2022-08-24,29.2,20.1,33.1,32.8,3,0.00,0.0
2022-08-25,28.5,20.1,31.7,28.8,51,0.40,3.0
2022-08-26,28.5,19.7,33.3,25.9,63,15.10,10.0
2022-08-27,28.2,21.8,33.0,29.5,51,0.90,6.0
2022-08-28,26.6,20.9,28.2,32.4,53,1.00,6.0
2022-08-29,28.0,19.8,31.1,30.6,3,0.00,0.0
2022-08-30,27.1,21.1,29.9,28.4,51,1.50,10.0
2022-08-31,27.0,22.4,31.8,25.2,63,10.80,19.0
2022-09-01,29.7,21.5,34.8,29.5,61,5.10,11.0
2022-09-02,30.2,22.1,36.0,24.5,53,3.20,12.0
2022-09-03,29.0,21.4,33.5,30.2,51,0.80,5.0
2022-09-04,29.5,20.9,33.3,25.9,3,0.00,0.0
2022-09-05,29.9,20.5,35.3,25.6,51,0.20,2.0
2022-09-06,30.0,21.6,36.1,26.3,53,2.60,11.0
2022-09-07,30.0,21.5,34.9,31.0,63,13.80,14.0
2022-09-08,29.0,22.0,35.5,28.4,63,12.70,10.0
2022-09-09,28.3,21.4,33.7,30.6,65,26.00,14.0
2022-09-10,28.2,21.8,35.2,31.7,65,38.30,19.0
2022-09-11,27.0,22.1,32.1,22.0,63,14.10,17.0
2022-09-12,30.6,21.5,35.3,36.4,63,8.20,14.0
2022-09-13,29.2,21.1,35.0,26.3,63,5.50,11.0
2022-09-14,28.8,21.5,34.4,25.6,51,0.60,4.0
2022-09-15,27.5,22.3,31.1,34.2,63,13.00,13.0
2022-09-16,28.5,22.0,34.5,28.8,63,10.90,12.0
2022-09-17,29.6,21.0,35.5,31.7,51,0.70,4.0
2022-09-18,28.7,20.1,34.1,29.9,51,1.30,7.0
2022-09-19,27.7,22.7,32.6,28.4,63,11.50,12.0
2022-09-20,28.2,21.9,32.2,29.5,53,5.20,15.0
2022-09-21,28.5,22.1,34.3,27.4,61,6.80,17.0
2022-09-22,28.0,22.5,32.4,25.6,63,13.50,17.0
2022-09-23,29.1,22.5,34.9,27.0,65,26.00,17.0
2022-09-24,28.0,22.5,34.1,31.3,63,16.30,22.0
2022-09-25,28.0,22.8,32.8,30.2,53,3.50,18.0
2022-09-26,26.7,22.4,30.9,30.2,61,6.40,19.0
2022-09-27,28.4,21.6,32.2,32.0,51,1.00,6.0
2022-09-28,28.2,22.3,32.4,29.2,51,0.70,5.0
2022-09-29,27.6,22.4,32.5,26.6,51,1.10,8.0
2022-09-30,27.7,23.0,33.0,28.4,65,68.00,20.0
2022-10-01,28.0,23.0,33.8,25.6,65,33.70,21.0
2022-10-02,27.2,22.4,31.7,25.9,65,43.70,16.0
2022-10-03,26.6,22.5,32.1,24.1,63,8.80,19.0
2022-10-04,27.7,22.5,32.6,25.6,63,9.00,14.0
2022-10-05,27.5,21.8,31.7,22.0,61,5.00,11.0
2022-10-06,26.8,22.6,31.1,27.7,63,24.70,22.0
2022-10-07,29.1,22.6,35.1,30.2,65,41.30,12.0
2022-10-08,26.2,22.1,30.6,26.6,63,30.00,24.0
2022-10-09,28.5,22.2,33.9,24.8,63,14.50,21.0
2022-10-10,27.5,22.0,33.1,23.8,63,13.60,21.0
2022-10-11,27.4,22.6,31.9,28.8,63,11.40,18.0
2022-10-12,27.4,22.1,33.2,30.2,63,16.20,13.0
2022-10-13,27.5,22.0,32.7,27.4,63,20.40,22.0
2022-10-14,27.5,22.6,33.3,26.6,53,5.90,22.0
2022-10-15,28.0,22.5,32.8,24.5,61,7.10,18.0
2022-10-16,27.9,22.5,33.0,29.5,61,10.00,21.0
2022-10-17,26.6,23.0,31.1,27.0,63,16.00,24.0
2022-10-18,26.5,23.0,30.6,28.8,61,11.40,19.0
2022-10-19,25.2,22.4,29.9,23.0,65,15.40,19.0
2022-10-20,27.4,22.6,32.9,18.7,65,43.60,20.0
2022-10-21,27.5,22.2,32.8,23.0,65,63.60,21.0
2022-10-22,29.2,22.2,35.1,20.9,53,1.80,9.0
2022-10-23,28.2,22.2,34.0,26.3,65,18.70,12.0
2022-10-24,26.4,22.1,31.0,29.5,63,12.50,19.0
2022-10-25,27.6,22.0,32.7,27.4,63,16.10,14.0
2022-10-26,24.8,22.0,29.2,25.2,65,61.50,24.0
2022-10-27,26.9,22.0,31.7,30.2,61,8.20,18.0
2022-10-28,27.0,20.7,30.8,30.6,51,0.60,2.0
2022-10-29,26.2,20.3,31.2,32.4,61,4.10,8.0
2022-10-30,26.0,21.8,30.2,31.0,53,5.60,21.0
2022-10-31,28.3,20.5,32.4,27.0,51,0.90,6.0
2022-11-01,26.6,22.0,31.6,28.1,65,20.30,20.0
2022-11-02,27.0,21.6,32.1,27.7,63,17.30,19.0
2022-11-03,28.4,22.6,34.5,18.4,65,30.10,15.0
2022-11-04,27.1,21.8,32.3,24.5,65,27.60,20.0
2022-11-05,28.0,22.6,34.2,26.6,63,13.80,14.0
2022-11-06,28.0,22.0,34.0,26.6,63,26.10,21.0
2022-11-07,27.8,21.8,33.7,23.0,65,45.50,19.0
2022-11-08,27.8,22.5,34.7,19.8,63,15.50,15.0
2022-11-09,27.5,22.0,33.6,25.6,65,26.30,14.0
2022-11-10,29.2,22.0,36.1,27.7,65,16.80,11.0
2022-11-11,27.4,22.4,33.0,27.0,65,23.00,18.0
2022-11-12,27.5,22.2,33.5,20.2,65,13.80,9.0
2022-11-13,26.8,22.1,31.8,23.4,65,23.60,20.0
2022-11-14,27.8,22.5,33.9,23.4,63,19.10,17.0
2022-11-15,27.9,22.6,33.9,23.4,65,22.50,17.0
2022-11-16,27.6,22.5,32.7,25.2,63,28.70,17.0
2022-11-17,29.8,23.1,37.5,32.4,63,11.30,13.0
2022-11-18,28.7,21.5,33.0,17.3,61,6.50,9.0
2022-11-19,28.4,22.7,34.0,20.2,65,33.40,14.0
2022-11-20,27.7,20.9,32.3,37.8,63,4.00,9.0
2022-11-21,28.0,21.8,32.8,32.4,53,2.30,9.0
2022-11-22,28.0,22.5,33.4,29.2,63,10.30,10.0
2022-11-23,28.6,23.0,34.1,22.3,53,2.40,8.0
2022-11-24,27.6,23.0,33.2,24.8,63,15.30,18.0
2022-11-25,28.2,22.1,35.2,32.4,65,57.70,15.0
2022-11-26,25.9,21.8,30.6,22.3,65,15.80,13.0
2022-11-27,26.5,22.0,31.0,22.3,63,13.20,20.0
2022-11-28,26.6,22.1,32.3,24.1,63,10.20,16.0
2022-11-29,26.6,22.0,31.2,22.3,63,17.80,15.0
2022-11-30,25.7,22.5,29.9,23.0,61,4.20,7.0
2022-12-01,27.0,21.5,30.8,24.1,51,0.90,8.0
2022-12-02,28.3,21.8,32.6,24.1,51,0.70,6.0
2022-12-03,27.6,22.5,32.2,29.2,55,3.90,16.0
2022-12-04,27.7,21.9,33.6,22.3,63,6.80,5.0
2022-12-05,27.4,22.5,33.0,25.2,65,42.50,13.0
2022-12-06,28.2,22.0,34.4,31.3,65,43.00,12.0
2022-12-07,28.0,22.4,34.1,20.2,61,8.40,12.0
2022-12-08,28.1,22.0,34.0,25.9,65,23.10,11.0
2022-12-09,29.1,21.3,35.5,33.1,65,19.20,13.0
2022-12-10,28.5,21.9,33.8,31.0,53,3.70,17.0
2022-12-11,27.5,22.2,33.8,28.8,63,12.90,14.0
2022-12-12,27.8,21.3,33.7,24.1,55,3.10,11.0
2022-12-13,28.2,22.2,34.3,23.0,63,5.50,10.0
2022-12-14,27.1,22.5,33.6,29.2,63,17.70,11.0
2022-12-15,27.4,21.9,32.9,28.8,65,13.90,10.0
2022-12-16,27.4,22.1,32.6,28.8,63,12.00,12.0
2022-12-17,29.3,21.2,34.9,29.5,51,1.30,10.0
2022-12-18,28.9,21.7,34.5,27.0,51,0.90,6.0
2022-12-19,29.2,22.5,36.2,29.5,63,8.80,7.0
2022-12-20,29.5,21.8,36.3,31.0,63,7.10,6.0
2022-12-21,29.5,22.5,34.9,28.1,63,11.70,8.0
2022-12-22,28.5,22.0,32.9,36.0,65,46.20,16.0
2022-12-23,27.3,22.8,30.4,47.5,63,24.30,16.0
2022-12-24,28.0,21.7,33.5,28.1,63,8.10,13.0
2022-12-25,25.4,22.0,29.7,32.8,63,21.30,17.0
2022-12-26,27.1,21.1,32.5,36.0,65,38.00,20.0
2022-12-27,27.0,22.0,31.0,37.4,53,5.20,17.0
2022-12-28,28.1,21.8,33.7,32.0,63,25.30,16.0
2022-12-29,28.0,21.5,35.1,28.8,65,32.30,14.0
2022-12-30,28.0,21.1,33.9,27.7,53,1.50,6.0
2022-12-31,28.0,21.9,34.4,38.5,65,18.10,13.0
2023-01-01,28.2,22.5,31.8,35.6,63,13.50,11.0
2023-01-02,29.0,21.8,33.4,43.9,61,3.60,8.0
2023-01-03,27.9,23.0,31.9,39.6,53,1.90,9.0
2023-01-04,27.3,21.0,32.3,36.4,63,14.00,10.0
2023-01-05,26.9,22.5,30.8,33.1,61,6.90,16.0
2023-01-06,27.0,23.2,30.7,44.3,61,6.60,16.0
2023-01-07,27.7,21.8,32.9,33.1,53,2.20,12.0
2023-01-08,28.0,22.0,34.5,29.2,53,3.50,17.0
2023-01-09,28.8,21.9,33.9,30.2,63,15.60,8.0
2023-01-10,28.2,21.5,34.2,31.7,63,4.50,7.0
2023-01-11,27.8,22.6,33.2,27.4,55,4.80,9.0
2023-01-12,27.9,21.6,32.7,26.3,53,2.50,8.0
2023-01-13,28.6,22.2,34.7,29.2,51,1.20,8.0
2023-01-14,28.2,22.6,34.0,29.5,51,2.30,10.0
2023-01-15,29.2,23.1,35.3,31.0,63,10.00,9.0
2023-01-16,28.5,22.5,34.1,26.6,63,9.50,10.0
2023-01-17,28.0,21.6,34.4,30.2,65,15.50,12.0
2023-01-18,27.5,22.2,32.3,27.7,53,1.90,11.0
2023-01-19,27.4,21.5,33.0,28.8,63,9.20,11.0
2023-01-20,27.6,21.5,34.0,24.8,65,16.40,10.0
2023-01-21,26.9,22.5,32.5,28.8,55,4.10,15.0
2023-01-22,28.0,21.6,33.1,30.2,63,7.60,11.0
2023-01-23,29.2,23.0,34.5,28.4,51,1.20,6.0
2023-01-24,29.4,22.5,34.7,27.0,53,1.90,8.0
2023-01-25,28.4,21.5,34.3,30.6,63,8.60,14.0
2023-01-26,26.9,22.5,31.1,32.4,63,10.40,14.0
2023-01-27,28.5,22.4,34.3,29.5,65,25.00,20.0
2023-01-28,27.8,22.4,33.1,28.1,63,20.80,15.0
2023-01-29,28.4,21.5,35.4,34.6,65,13.70,10.0
2023-01-30,28.8,22.2,35.0,25.6,55,4.80,11.0
2023-01-31,27.1,23.1,31.8,41.8,63,11.80,13.0
2023-02-01,28.9,23.1,34.4,31.3,65,21.70,20.0
2023-02-02,28.0,22.8,33.2,23.4,63,11.30,17.0
2023-02-03,27.7,22.2,32.7,22.0,61,11.60,10.0
2023-02-04,29.0,22.5,34.0,29.2,63,8.90,13.0
2023-02-05,29.5,22.9,34.1,25.2,61,11.00,11.0
2023-02-06,27.4,22.7,30.9,36.0,51,0.50,5.0
2023-02-07,28.8,22.4,35.5,34.6,65,21.70,12.0
2023-02-08,27.3,22.3,32.2,27.7,61,18.50,21.0
2023-02-09,28.8,22.9,36.3,34.6,65,52.90,16.0
2023-02-10,29.2,22.2,36.2,24.1,65,25.80,12.0
2023-02-11,29.1,22.7,37.1,27.0,61,12.70,11.0
2023-02-12,27.8,21.9,32.8,33.8,63,12.00,12.0
2023-02-13,27.8,22.4,32.1,41.8,63,16.30,15.0
2023-02-14,28.1,22.5,32.7,34.6,63,15.80,19.0
2023-02-15,25.0,22.4,29.0,27.4,63,28.30,23.0
2023-02-16,27.0,22.5,31.1,32.4,65,43.60,22.0
2023-02-17,27.6,22.2,33.5,24.5,65,32.60,22.0
2023-02-18,28.5,21.4,34.1,29.9,63,11.00,12.0
2023-02-19,28.1,21.9,34.3,33.5,63,7.50,9.0
2023-02-20,29.0,22.2,35.2,34.2,65,11.90,8.0
2023-02-21,28.8,22.2,33.9,29.9,65,16.40,13.0
2023-02-22,28.7,22.0,35.3,28.1,65,28.30,14.0
2023-02-23,28.2,22.2,35.0,32.0,63,8.00,12.0
2023-02-24,28.5,22.1,34.4,36.0,65,12.20,12.0
2023-02-25,28.8,22.1,33.2,39.2,61,5.40,9.0
2023-02-26,29.0,22.0,33.5,31.3,61,9.30,17.0
2023-02-27,28.0,22.1,33.6,40.7,55,6.10,22.0
2023-02-28,28.2,22.1,34.9,32.0,65,32.60,18.0
2023-03-01,26.3,21.5,30.1,40.0,63,23.40,21.0
2023-03-02,27.1,22.0,32.3,33.1,65,42.40,21.0
2023-03-03,28.5,22.2,34.1,34.9,55,1.30,4.0
2023-03-04,28.8,22.1,36.2,34.9,65,23.00,9.0
2023-03-05,27.5,21.2,35.0,34.2,63,23.30,11.0
2023-03-06,28.1,22.5,33.5,28.8,51,1.10,11.0
2023-03-07,28.3,21.8,34.9,26.3,63,4.20,12.0
2023-03-08,27.8,21.4,34.4,25.2,51,1.50,9.0
2023-03-09,28.7,22.5,35.5,24.8,61,7.20,10.0
2023-03-10,29.0,22.4,35.3,24.1,63,6.00,10.0
2023-03-11,28.6,22.3,34.8,26.3,61,4.90,19.0
2023-03-12,29.8,22.2,36.0,26.6,3,0.00,0.0
2023-03-13,29.2,22.2,35.3,26.6,51,0.90,7.0
2023-03-14,28.5,21.2,34.7,25.2,53,1.60,8.0
2023-03-15,30.5,22.6,35.4,32.0,55,1.10,2.0
2023-03-16,29.4,22.0,35.8,23.4,65,11.50,9.0
2023-03-17,28.5,22.2,35.3,25.9,63,14.30,11.0
2023-03-18,29.0,22.4,36.5,23.0,63,9.10,9.0
2023-03-19,29.7,23.5,36.9,29.2,65,16.60,7.0
2023-03-20,28.0,22.5,33.9,24.1,63,18.00,16.0
2023-03-21,30.9,22.2,37.5,28.1,63,6.50,7.0
2023-03-22,28.8,22.3,36.9,19.1,65,44.40,17.0
2023-03-23,29.7,23.0,37.2,21.6,61,3.90,9.0
2023-03-24,29.4,23.0,36.2,20.5,63,10.00,9.0
2023-03-25,28.0,23.0,34.9,27.0,63,12.10,8.0
2023-03-26,29.1,21.8,35.2,28.1,63,15.70,7.0
2023-03-27,28.4,21.9,34.5,29.9,65,16.20,9.0
2023-03-28,29.5,22.6,35.6,30.6,65,14.90,10.0
2023-03-29,29.4,22.5,36.4,25.6,63,14.10,7.0
2023-03-30,30.4,22.9,37.1,34.6,65,16.10,8.0
2023-03-31,28.5,22.2,34.9,29.5,63,7.00,6.0
2023-04-01,27.9,22.4,33.9,29.5,65,28.30,9.0
2023-04-02,28.6,22.6,35.2,25.9,65,11.20,10.0
2023-04-03,29.0,22.4,35.5,27.4,61,3.70,11.0
2023-04-04,27.9,22.3,34.3,30.2,53,3.00,9.0
2023-04-05,29.3,21.8,35.1,29.5,63,5.90,6.0
2023-04-06,28.0,22.3,34.6,24.8,63,8.40,8.0
2023-04-07,28.5,22.7,33.6,23.0,3,0.00,0.0
2023-04-08,28.0,22.9,34.1,27.4,65,15.80,8.0
2023-04-09,29.4,22.4,34.9,28.4,61,2.90,6.0
2023-04-10,28.0,22.5,33.6,32.4,63,15.90,13.0
2023-04-11,28.3,22.8,33.7,28.1,53,4.10,11.0
2023-04-12,28.1,22.6,34.3,26.6,63,12.60,13.0
2023-04-13,27.1,23.0,32.6,24.1,63,13.90,15.0
2023-04-14,26.8,23.4,30.4,26.6,53,3.10,10.0
2023-04-15,28.0,22.5,33.6,25.6,53,1.80,8.0
2023-04-16,29.4,23.0,35.3,32.4,51,0.50,4.0
2023-04-17,29.5,23.5,35.3,24.8,51,0.80,5.0
2023-04-18,29.2,23.2,35.1,29.9,63,5.80,7.0
2023-04-19,30.4,22.8,36.6,26.3,53,1.30,5.0
2023-04-20,29.5,22.5,36.2,23.0,61,4.40,10.0
2023-04-21,30.1,22.9,36.7,24.1,51,1.60,9.0
2023-04-22,30.0,22.1,36.8,27.0,65,22.20,9.0
2023-04-23,30.1,22.1,36.7,20.2,65,17.00,9.0
2023-04-24,29.5,22.9,36.1,19.4,63,7.40,9.0
2023-04-25,29.5,22.0,35.5,20.9,65,16.20,8.0
2023-04-26,29.2,22.7,36.3,22.3,61,3.90,6.0
2023-04-27,29.0,22.1,35.2,25.2,63,9.30,10.0
2023-04-28,29.1,23.0,35.5,24.1,65,18.90,10.0
2023-04-29,27.9,22.6,34.9,22.3,63,10.40,10.0
2023-04-30,29.8,22.1,37.0,23.8,61,3.80,7.0
2023-05-01,29.0,22.4,36.2,27.4,65,10.90,11.0
2023-05-02,29.7,22.5,36.6,28.4,63,6.70,7.0
2023-05-03,29.0,22.8,35.6,23.0,63,10.10,9.0
2023-05-04,29.0,23.9,35.2,23.8,65,22.90,13.0
2023-05-05,29.0,23.0,35.4,20.2,63,19.60,15.0
2023-05-06,26.9,23.0,32.4,19.8,61,11.20,20.0
2023-05-07,29.0,23.0,35.3,20.2,63,14.40,11.0
2023-05-08,30.3,23.0,36.0,25.2,51,0.10,1.0
2023-05-09,29.5,22.6,35.7,22.3,51,1.70,6.0
2023-05-10,31.0,23.4,35.9,29.9,3,0.00,0.0
2023-05-11,30.5,23.1,36.3,25.9,63,11.40,13.0
2023-05-12,31.5,22.5,37.0,29.9,53,2.20,5.0
2023-05-13,28.4,22.8,32.8,33.1,53,1.20,8.0
2023-05-14,28.0,22.1,31.8,29.5,51,1.50,9.0
2023-05-15,27.7,21.7,30.7,29.2,3,0.00,0.0
2023-05-16,28.2,20.2,32.7,21.6,3,0.00,0.0
2023-05-17,28.5,20.0,31.7,23.4,3,0.00,0.0
2023-05-18,28.0,20.8,32.7,24.5,51,0.20,2.0
2023-05-19,29.6,21.1,34.6,24.5,51,0.70,3.0
2023-05-20,30.0,20.7,34.5,21.6,3,0.00,0.0
2023-05-21,30.3,20.3,34.2,25.9,3,0.00,0.0
2023-05-22,30.0,20.5,34.0,27.7,51,0.10,1.0
2023-05-23,29.9,19.4,34.0,28.8,3,0.00,0.0
2023-05-24,29.8,20.1,34.1,27.4,51,0.20,1.0
2023-05-25,30.4,20.4,34.5,28.1,3,0.00,0.0
2023-05-26,31.0,19.9,34.6,27.0,3,0.00,0.0
2023-05-27,30.8,21.9,34.2,28.4,3,0.00,0.0
2023-05-28,30.3,20.7,33.6,32.0,3,0.00,0.0
2023-05-29,29.6,20.1,33.3,23.8,3,0.00,0.0
2023-05-30,30.6,19.7,33.8,27.7,3,0.00,0.0
2023-05-31,29.2,21.5,33.4,25.2,51,1.10,8.0
2023-06-01,31.8,20.6,35.4,30.6,53,2.50,7.0
2023-06-02,31.2,21.4,35.1,34.6,51,0.20,2.0
2023-06-03,30.6,21.0,35.0,27.7,51,0.40,4.0
2023-06-04,29.5,22.0,33.8,25.2,55,5.10,14.0
2023-06-05,29.1,22.1,34.0,27.0,55,4.50,14.0
2023-06-06,28.1,22.9,31.6,33.1,61,7.40,14.0
2023-06-07,28.5,22.9,32.2,31.0,63,16.20,20.0
2023-06-08,30.0,22.1,35.1,24.1,63,5.10,6.0
2023-06-09,29.4,21.5,33.4,24.8,51,0.10,1.0
2023-06-10,29.5,21.4,33.6,26.3,3,0.00,0.0
2023-06-11,29.6,20.0,34.3,27.0,53,1.40,6.0
2023-06-12,31.5,21.6,36.5,24.5,63,14.50,8.0
2023-06-13,31.0,22.5,36.3,22.0,53,1.20,4.0
2023-06-14,30.2,22.6,34.2,31.3,3,0.00,0.0
2023-06-15,30.4,21.9,34.5,24.5,51,0.10,1.0
2023-06-16,30.1,20.5,34.3,26.3,53,1.90,6.0
2023-06-17,30.1,21.5,35.3,23.0,61,2.90,7.0
2023-06-18,29.8,22.0,34.5,33.8,63,8.20,11.0
2023-06-19,29.7,22.4,34.9,26.3,53,0.90,3.0
2023-06-20,28.9,21.2,33.8,20.5,51,0.50,4.0
2023-06-21,29.1,21.5,33.8,26.6,51,0.60,5.0
2023-06-22,30.3,20.2,34.9,32.4,51,0.20,2.0
2023-06-23,28.4,22.1,33.3,28.1,51,0.90,7.0
2023-06-24,29.2,20.8,33.3,27.7,3,0.00,0.0
2023-06-25,28.7,20.8,32.9,26.6,3,0.00,0.0
2023-06-26,28.2,19.6,32.5,29.9,55,2.80,9.0
2023-06-27,26.6,21.5,30.1,29.9,61,3.40,15.0
2023-06-28,27.7,21.8,31.3,32.8,63,16.40,15.0
2023-06-29,27.5,21.9,31.0,29.5,61,8.10,22.0
2023-06-30,27.6,21.5,32.9,23.8,53,3.40,15.0
2023-07-01,27.3,22.6,30.8,29.9,63,8.10,13.0
2023-07-02,26.4,22.7,29.8,25.9,63,14.90,16.0
2023-07-03,26.5,22.6,29.9,31.3,53,4.50,13.0
2023-07-04,26.2,21.2,29.6,28.4,61,5.80,20.0
2023-07-05,27.2,22.0,31.6,25.9,61,11.30,22.0
2023-07-06,27.2,22.3,31.5,24.5,63,18.20,17.0
2023-07-07,26.4,22.6,29.7,33.1,63,26.00,19.0
2023-07-08,28.4,22.2,32.7,24.5,65,16.00,14.0
2023-07-09,29.0,22.2,33.9,22.7,61,5.30,13.0
2023-07-10,29.0,20.6,33.6,22.3,51,0.20,2.0
2023-07-11,29.2,21.1,34.1,26.6,3,0.00,0.0
2023-07-12,27.8,19.0,31.1,26.6,3,0.00,0.0
2023-07-13,26.8,21.7,29.7,34.2,53,6.60,20.0
2023-07-14,25.8,21.5,28.4,33.5,55,3.50,14.0
2023-07-15,27.7,22.1,32.0,25.9,53,5.50,19.0
2023-07-16,26.5,20.8,30.5,25.9,51,2.60,14.0
2023-07-17,27.8,19.1,30.8,26.6,51,0.10,1.0
2023-07-18,28.4,18.6,32.5,27.7,3,0.00,0.0
2023-07-19,27.5,19.2,29.7,34.2,3,0.00,0.0
2023-07-20,27.4,19.0,29.5,31.3,3,0.00,0.0
2023-07-21,26.8,20.0,29.0,25.6,51,2.00,11.0
2023-07-22,28.8,19.2,32.5,27.7,3,0.00,0.0
2023-07-23,29.1,20.5,33.3,24.1,3,0.00,0.0
2023-07-24,28.4,19.4,32.4,22.3,3,0.00,0.0
2023-07-25,28.6,20.0,31.9,23.0,3,0.00,0.0
2023-07-26,28.8,18.9,32.7,25.9,3,0.00,0.0
2023-07-27,27.3,17.6,30.8,25.9,3,0.00,0.0
2023-07-28,28.2,17.5,31.6,24.1,3,0.00,0.0
2023-07-29,28.1,18.5,31.9,27.4,51,0.60,4.0
2023-07-30,28.3,17.3,30.6,27.4,3,0.00,0.0
2023-07-31,29.2,18.6,32.1,31.0,3,0.00,0.0
2023-08-01,30.1,19.5,34.0,34.9,51,0.10,1.0
2023-08-02,29.0,20.2,33.9,24.1,51,0.30,2.0
2023-08-03,29.0,19.9,32.6,38.2,3,0.00,0.0
2023-08-04,28.2,19.8,30.5,28.1,51,0.50,3.0
2023-08-05,30.5,18.4,34.7,32.4,3,0.00,0.0
2023-08-06,29.0,20.8,33.0,27.4,61,5.30,9.0
2023-08-07,29.2,20.4,33.2,27.4,51,0.10,1.0
2023-08-08,30.3,21.0,33.6,30.2,2,0.00,0.0
2023-08-09,29.9,18.0,33.5,25.6,3,0.00,0.0
2023-08-10,29.2,18.5,33.4,29.9,3,0.00,0.0
2023-08-11,28.9,17.5,32.1,32.4,3,0.00,0.0
2023-08-12,29.5,17.3,31.7,30.6,3,0.00,0.0
2023-08-13,29.4,18.5,32.3,33.8,3,0.00,0.0
2023-08-14,30.5,17.6,33.2,32.0,3,0.00,0.0
2023-08-15,29.8,18.4,33.0,34.6,51,0.10,1.0
2023-08-16,30.9,19.4,33.9,37.4,3,0.00,0.0
2023-08-17,27.5,19.5,28.9,36.4,51,0.30,2.0
2023-08-18,27.2,19.2,28.3,33.1,51,1.10,9.0
2023-08-19,30.5,18.8,34.2,33.1,3,0.00,0.0
2023-08-20,30.0,18.9,32.9,37.1,3,0.00,0.0
2023-08-21,30.9,18.7,33.4,39.2,3,0.00,0.0
2023-08-22,29.9,18.5,32.3,38.9,3,0.00,0.0
2023-08-23,28.1,19.7,29.7,35.3,3,0.00,0.0
2023-08-24,31.5,18.4,35.7,40.0,1,0.00,0.0
2023-08-25,30.9,19.2,34.3,37.4,51,0.30,3.0
2023-08-26,29.5,20.0,32.4,35.6,3,0.00,0.0
2023-08-27,29.0,20.2,31.7,33.1,3,0.00,0.0
2023-08-28,30.5,18.8,33.1,39.2,2,0.00,0.0
2023-08-29,32.2,19.5,35.2,41.0,3,0.00,0.0
2023-08-30,30.8,18.2,33.5,36.0,3,0.00,0.0
2023-08-31,29.8,18.4,31.8,35.6,51,0.10,1.0
2023-09-01,29.5,18.8,32.2,37.1,51,0.70,4.0
2023-09-02,28.7,17.2,31.5,41.8,51,0.20,1.0
2023-09-03,29.4,19.1,31.8,41.4,51,0.40,4.0
2023-09-04,30.5,18.6,32.7,42.8,51,0.10,1.0
2023-09-05,31.0,16.7,33.4,49.0,3,0.00,0.0
2023-09-06,29.6,18.6,30.8,37.4,51,0.10,1.0
2023-09-07,29.5,18.9,32.1,34.2,3,0.00,0.0
2023-09-08,31.5,18.5,33.5,36.0,3,0.00,0.0
2023-09-09,30.5,18.4,33.5,31.7,3,0.00,0.0
2023-09-10,28.8,17.5,29.6,38.5,3,0.00,0.0
2023-09-11,30.7,19.2,34.0,40.3,53,2.00,8.0
2023-09-12,31.5,21.8,34.7,42.1,51,0.90,8.0
2023-09-13,30.6,21.2,33.2,36.0,51,0.60,6.0
2023-09-14,29.0,19.7,31.4,38.9,53,2.20,8.0
2023-09-15,30.9,18.3,34.0,36.0,51,0.20,2.0
2023-09-16,31.4,20.1,35.1,31.3,51,0.60,3.0
2023-09-17,30.3,21.6,33.3,35.6,51,0.10,1.0
2023-09-18,29.0,19.6,31.0,34.6,51,1.00,4.0
2023-09-19,30.6,19.5,33.4,39.6,3,0.00,0.0
2023-09-20,30.4,18.8,33.8,35.3,2,0.00,0.0
2023-09-21,31.2,18.6,34.1,38.2,3,0.00,0.0
2023-09-22,30.0,17.9,31.7,38.2,3,0.00,0.0
2023-09-23,31.0,18.2,33.0,40.0,3,0.00,0.0
2023-09-24,31.7,19.2,34.9,45.7,51,0.60,6.0
2023-09-25,30.8,21.0,34.3,40.3,51,1.80,13.0
2023-09-26,32.4,18.6,34.9,50.0,51,0.60,5.0
2023-09-27,31.5,20.5,34.8,42.1,51,1.30,8.0
2023-09-28,32.2,21.5,36.1,39.6,51,0.60,6.0
2023-09-29,32.3,21.4,36.7,34.2,3,0.00,0.0
2023-09-30,31.5,21.4,34.9,41.0,51,0.80,7.0
2023-10-01,31.5,20.0,34.1,36.7,51,0.80,6.0
2023-10-02,29.5,20.1,32.9,33.8,61,7.00,14.0
2023-10-03,29.5,20.5,33.6,33.8,53,5.60,18.0
2023-10-04,31.4,21.8,35.8,34.9,55,2.30,5.0
2023-10-05,32.8,22.2,37.4,37.8,61,3.40,8.0
2023-10-06,32.8,21.4,37.2,30.6,53,1.30,2.0
2023-10-07,31.9,22.9,35.8,38.2,53,2.10,12.0
2023-10-08,32.5,21.5,37.1,33.5,63,7.30,11.0
2023-10-09,33.7,21.5,38.0,33.5,55,1.60,3.0
2023-10-10,32.3,21.6,36.7,35.6,51,0.20,2.0
2023-10-11,32.8,20.9,36.8,35.3,3,0.00,0.0
2023-10-12,34.1,21.2,36.6,45.4,3,0.00,0.0
2023-10-13,32.1,21.6,34.9,36.0,51,0.50,2.0
2023-10-14,32.7,21.9,36.8,33.8,51,1.20,8.0
2023-10-15,34.5,21.4,37.3,40.0,3,0.00,0.0
2023-10-16,34.2,22.4,38.2,38.2,55,1.20,3.0
2023-10-17,33.8,22.0,37.3,33.8,53,1.30,4.0
2023-10-18,32.0,22.0,36.5,29.2,53,1.70,5.0
2023-10-19,32.2,21.1,36.8,26.3,51,0.60,5.0
2023-10-20,32.8,21.4,36.3,36.0,51,0.70,5.0
2023-10-21,32.4,22.0,36.8,37.1,3,0.00,0.0
2023-10-22,32.7,20.1,36.4,38.5,3,0.00,0.0
2023-10-23,32.0,20.8,36.4,35.3,61,2.40,3.0
2023-10-24,31.7,20.7,35.3,29.9,61,2.50,6.0
2023-10-25,32.7,21.5,37.5,33.1,61,3.60,7.0
2023-10-26,32.1,22.1,36.6,32.0,61,2.60,9.0
2023-10-27,32.0,22.0,36.2,36.0,53,2.50,6.0
2023-10-28,32.0,21.2,36.3,36.0,61,2.50,6.0
2023-10-29,32.0,21.2,37.0,32.8,61,6.10,10.0
2023-10-30,31.2,21.5,35.5,33.1,51,1.80,9.0
2023-10-31,32.1,21.6,37.2,33.5,63,6.60,10.0
2023-11-01,30.6,22.1,36.0,29.9,55,3.00,10.0
2023-11-02,32.8,21.7,38.0,29.2,53,1.20,6.0
2023-11-03,32.5,23.0,37.6,35.6,55,3.10,7.0
2023-11-04,32.8,22.8,37.6,36.4,61,8.30,15.0
2023-11-05,32.8,22.3,39.4,30.6,63,10.50,13.0
2023-11-06,31.7,23.1,37.6,34.2,51,1.30,10.0
2023-11-07,30.8,22.5,36.0,29.9,61,2.80,7.0
2023-11-08,32.3,22.5,38.3,37.1,51,0.70,5.0
2023-11-09,31.5,23.5,36.9,33.8,61,3.60,6.0
2023-11-10,31.5,22.8,36.8,32.0,53,2.60,9.0
2023-11-11,30.5,23.1,35.8,34.2,63,11.20,12.0
2023-11-12,27.8,22.5,32.3,23.8,63,11.60,18.0
2023-11-13,30.9,23.6,36.6,32.8,63,8.90,13.0
2023-11-14,29.3,23.5,36.3,32.4,63,20.00,18.0
2023-11-15,28.6,22.4,34.7,28.1,63,18.60,21.0
2023-11-16,29.0,23.3,35.3,26.3,61,8.40,20.0
2023-11-17,30.1,23.0,35.4,27.7,51,1.20,9.0
2023-11-18,29.8,21.4,35.3,29.9,51,0.80,8.0
2023-11-19,28.6,22.8,33.9,31.7,53,4.50,19.0
2023-11-20,27.9,22.5,32.3,27.4,61,8.00,22.0
2023-11-21,30.4,22.5,36.2,24.8,61,5.30,13.0
2023-11-22,29.7,23.0,35.4,26.3,53,3.80,18.0
2023-11-23,28.5,23.4,34.2,23.0,61,7.40,16.0
2023-11-24,30.1,22.9,36.1,28.1,63,9.60,19.0
2023-11-25,29.7,22.8,36.9,27.4,65,12.10,11.0
2023-11-26,29.0,22.6,34.6,29.5,53,2.00,7.0
2023-11-27,29.6,21.7,35.5,26.3,61,4.90,9.0
2023-11-28,28.2,22.0,34.0,21.2,61,3.80,12.0
2023-11-29,28.4,23.8,35.2,24.8,63,20.20,14.0
2023-11-30,28.0,22.8,33.5,22.3,63,13.40,14.0
2023-12-01,25.6,22.7,30.1,22.0,63,16.00,22.0
2023-12-02,28.6,22.5,34.6,27.0,63,12.00,19.0
2023-12-03,27.9,23.0,33.8,24.8,63,16.20,13.0
2023-12-04,27.6,22.4,33.1,25.6,63,19.10,19.0
2023-12-05,27.0,22.5,31.9,25.9,63,11.60,13.0
2023-12-06,28.5,23.1,35.5,27.7,55,2.90,14.0
2023-12-07,29.0,22.5,34.6,25.2,53,1.40,8.0
2023-12-08,29.1,22.4,36.2,27.4,61,4.30,8.0
2023-12-09,29.4,23.5,35.1,28.4,51,0.60,6.0
2023-12-10,28.5,23.0,34.4,23.0,63,10.80,12.0
2023-12-11,28.5,23.1,33.5,28.4,51,1.60,8.0
2023-12-12,30.0,21.5,35.6,33.5,3,0.00,0.0
2023-12-13,28.4,22.5,33.3,30.6,63,7.90,7.0
2023-12-14,29.0,21.8,34.8,30.2,51,0.80,6.0
2023-12-15,29.8,22.6,34.1,30.2,3,0.00,0.0
2023-12-16,30.8,21.3,36.5,37.8,3,0.00,0.0
2023-12-17,29.2,22.4,34.5,32.0,51,0.50,5.0
2023-12-18,29.0,22.5,33.3,28.4,3,0.00,0.0
2023-12-19,29.6,21.4,33.8,28.4,51,0.10,1.0
2023-12-20,28.6,21.1,31.4,28.8,3,0.00,0.0
2023-12-21,31.3,20.4,36.5,33.5,51,0.10,1.0
2023-12-22,30.7,21.5,35.8,27.7,51,0.20,1.0
2023-12-23,31.5,22.0,37.2,31.7,51,0.20,2.0
2023-12-24,31.5,22.5,36.0,29.9,3,0.00,0.0
2023-12-25,31.4,23.3,37.8,23.8,63,10.00,6.0
2023-12-26,30.8,22.2,36.7,28.1,51,0.30,3.0
2023-12-27,30.6,23.0,36.8,28.1,63,6.40,8.0
2023-12-28,30.6,23.8,36.8,30.2,65,27.70,19.0
2023-12-29,28.5,22.5,34.5,25.6,63,18.00,17.0
2023-12-30,29.4,23.8,36.1,29.5,63,7.30,17.0
2023-12-31,28.5,23.4,33.5,25.6,63,16.90,17.0
2024-01-01,29.2,23.3,35.5,24.8,65,28.70,17.0
2024-01-02,29.0,23.4,36.4,24.1,63,8.70,16.0
2024-01-03,28.7,23.5,34.6,22.0,63,14.60,16.0
2024-01-04,28.2,22.7,33.6,22.3,63,25.90,15.0
2024-01-05,28.7,23.1,35.5,23.8,65,40.20,18.0
2024-01-06,28.8,22.6,35.8,23.4,65,28.00,14.0
2024-01-07,27.1,23.1,32.9,19.8,63,30.90,23.0
2024-01-08,27.4,23.0,32.4,21.2,61,13.70,21.0
2024-01-09,28.0,23.5,35.4,23.0,65,13.60,12.0
2024-01-10,29.1,22.9,35.2,26.3,63,9.60,13.0
2024-01-11,29.0,23.2,34.6,24.8,63,3.80,6.0
2024-01-12,28.6,22.5,34.0,28.4,53,2.20,8.0
2024-01-13,27.6,22.7,33.5,29.2,51,2.40,10.0
2024-01-14,29.2,23.0,34.2,25.6,51,0.20,2.0
2024-01-15,28.9,22.5,34.6,27.0,53,1.80,8.0
2024-01-16,29.8,23.2,35.5,28.8,53,1.20,3.0
2024-01-17,27.7,22.5,34.6,31.3,65,24.50,16.0
2024-01-18,25.8,23.1,29.6,31.0,63,32.80,24.0
2024-01-19,26.0,22.1,30.0,35.6,63,33.20,24.0
2024-01-20,27.3,22.5,31.4,40.7,53,3.40,18.0
2024-01-21,27.6,22.6,33.0,37.1,55,4.10,15.0
2024-01-22,28.2,22.7,33.1,36.4,53,3.10,12.0
2024-01-23,26.8,23.1,30.5,31.3,55,4.40,13.0
2024-01-24,28.8,23.5,34.0,33.1,61,7.10,8.0
2024-01-25,30.0,22.4,36.1,30.2,63,6.20,6.0
2024-01-26,29.4,22.9,35.3,28.4,65,29.50,12.0
2024-01-27,28.8,22.2,35.0,28.1,65,20.00,12.0
2024-01-28,28.2,21.9,35.2,25.9,65,25.00,17.0
2024-01-29,27.0,22.5,32.4,18.7,63,21.80,20.0
2024-01-30,29.5,22.2,37.6,30.6,65,15.10,6.0
2024-01-31,29.0,22.9,35.9,27.0,63,13.50,10.0
2024-02-01,29.4,22.8,34.0,25.6,61,6.00,8.0
2024-02-02,27.5,23.6,31.7,30.6,51,1.80,11.0
2024-02-03,28.1,23.2,34.5,23.0,65,25.80,9.0
2024-02-04,27.6,22.0,33.7,26.3,65,33.10,14.0
2024-02-05,29.4,22.9,36.3,30.6,63,26.10,16.0
2024-02-06,27.0,22.4,30.9,24.5,63,12.80,12.0
2024-02-07,27.0,22.2,32.4,24.1,65,21.50,16.0
2024-02-08,29.5,21.9,36.2,22.7,63,9.80,6.0
2024-02-09,29.6,22.2,37.1,27.0,53,2.20,8.0
2024-02-10,26.5,22.2,32.9,26.3,63,10.40,15.0
2024-02-11,29.5,22.0,36.2,27.4,63,7.10,9.0
2024-02-12,29.6,22.0,37.2,26.3,65,22.70,8.0
2024-02-13,30.1,22.8,36.5,24.8,55,2.00,6.0
2024-02-14,28.9,23.4,35.4,24.1,51,1.70,8.0
2024-02-15,29.9,23.5,37.4,27.7,61,3.90,8.0
2024-02-16,29.9,23.0,38.5,26.6,53,2.20,7.0
2024-02-17,28.3,22.5,35.0,24.1,53,1.90,7.0
2024-02-18,29.0,23.0,36.7,25.2,53,1.80,9.0
2024-02-19,30.5,23.1,37.8,27.0,63,14.40,8.0
2024-02-20,29.5,23.4,36.9,23.0,53,1.70,8.0
2024-02-21,30.6,23.0,38.4,25.2,61,5.30,8.0
2024-02-22,30.9,23.9,37.6,29.9,3,0.00,0.0
2024-02-23,29.7,23.6,36.2,27.7,63,5.60,9.0
2024-02-24,29.3,22.8,35.8,25.2,65,22.70,12.0
2024-02-25,29.1,22.6,36.1,24.5,65,28.70,15.0
2024-02-26,29.7,22.5,37.3,26.3,63,10.60,6.0
2024-02-27,30.0,23.1,36.9,30.2,65,15.50,9.0
2024-02-28,29.2,22.5,35.3,23.0,65,15.70,6.0
2024-02-29,29.7,23.0,37.1,27.7,65,16.70,9.0
2024-03-01,28.2,22.8,34.4,28.8,63,20.50,9.0
2024-03-02,29.4,22.5,36.4,29.9,61,3.30,6.0
2024-03-03,29.3,22.5,37.3,25.6,65,19.50,10.0
2024-03-04,28.6,23.6,35.8,28.4,65,11.10,15.0
2024-03-05,28.8,23.5,35.7,23.4,63,10.50,12.0
2024-03-06,30.2,24.0,37.3,21.6,63,10.70,15.0
2024-03-07,29.6,23.4,37.6,25.6,65,27.30,12.0
2024-03-08,29.0,23.2,36.3,26.6,65,14.80,13.0
2024-03-09,26.0,23.2,30.1,26.6,63,29.80,21.0
2024-03-10,28.8,22.2,35.3,29.2,53,2.80,10.0
2024-03-11,30.8,23.2,37.5,25.2,63,5.10,5.0
2024-03-12,31.2,23.4,35.6,38.2,51,0.10,1.0
2024-03-13,29.8,24.3,36.4,36.4,63,4.70,8.0
2024-03-14,28.0,23.5,34.0,36.7,65,17.90,13.0
2024-03-15,29.6,22.2,35.9,33.5,63,13.20,10.0
2024-03-16,29.5,22.6,33.8,38.5,51,1.10,10.0
2024-03-17,28.0,23.4,33.1,38.2,61,7.30,14.0
2024-03-18,29.1,23.3,34.1,39.2,51,0.80,8.0
2024-03-19,29.6,23.0,34.6,32.4,2,0.00,0.0
2024-03-20,30.5,22.5,36.3,26.6,53,1.30,4.0
2024-03-21,30.3,21.9,37.2,26.6,61,3.30,6.0
2024-03-22,29.5,22.2,36.1,24.5,53,2.20,7.0
2024-03-23,30.0,23.5,36.4,29.9,53,3.40,17.0
2024-03-24,30.0,22.4,36.3,26.3,63,16.60,15.0
2024-03-25,30.6,23.6,35.7,25.9,63,10.80,4.0
2024-03-26,29.9,23.1,37.0,27.4,65,61.10,17.0
2024-03-27,29.2,22.9,34.1,24.8,63,11.20,12.0
2024-03-28,27.9,23.1,33.4,23.8,63,10.80,14.0
2024-03-29,29.1,23.6,36.5,23.0,63,6.40,10.0
2024-03-30,30.3,23.0,37.3,25.6,61,7.20,11.0
2024-03-31,28.7,24.5,34.3,24.1,63,9.60,22.0
2024-04-01,27.9,24.0,33.7,23.8,63,12.60,22.0
2024-04-02,27.5,24.0,33.3,25.2,63,14.80,14.0
2024-04-03,29.9,23.5,37.6,25.2,63,16.60,14.0
2024-04-04,29.4,22.2,36.1,28.1,63,9.00,14.0
2024-04-05,30.0,23.4,37.1,27.7,51,1.60,10.0
2024-04-06,29.9,23.3,37.0,23.8,51,0.20,2.0
2024-04-07,30.0,23.1,36.3,27.0,63,13.10,10.0
2024-04-08,30.4,23.0,37.1,26.3,63,10.70,15.0
2024-04-09,28.0,23.0,34.3,21.2,65,24.00,18.0
2024-04-10,28.6,23.0,35.1,24.1,65,25.00,15.0
2024-04-11,28.0,23.2,33.9,22.7,63,21.70,15.0
2024-04-12,29.4,22.9,36.5,24.8,63,7.70,15.0
2024-04-13,29.0,23.5,36.1,26.6,63,8.70,12.0
2024-04-14,29.8,23.4,37.3,33.5,65,25.70,15.0
2024-04-15,30.3,23.6,36.9,20.9,61,4.90,11.0
2024-04-16,30.2,23.2,38.0,25.6,63,7.30,6.0
2024-04-17,28.5,23.1,34.9,30.6,65,20.60,14.0
2024-04-18,29.0,23.0,35.7,30.6,65,46.30,17.0
2024-04-19,29.9,23.8,36.7,23.4,65,26.10,12.0
2024-04-20,29.5,23.5,37.1,25.2,65,14.30,7.0
2024-04-21,29.4,23.9,36.9,33.1,63,19.50,17.0
2024-04-22,28.5,23.8,35.2,27.4,65,13.40,12.0
2024-04-23,28.8,23.9,35.2,29.9,65,19.40,14.0
2024-04-24,28.7,23.0,34.6,29.5,61,2.70,6.0
2024-04-25,29.1,23.5,36.2,22.0,63,7.90,7.0
2024-04-26,31.0,22.7,37.1,25.6,61,3.80,6.0
2024-04-27,31.5,22.9,37.0,28.4,63,5.20,7.0
2024-04-28,30.5,23.9,37.6,26.6,63,5.40,7.0
2024-04-29,31.1,23.5,37.1,24.5,53,2.00,5.0
2024-04-30,29.2,23.3,36.3,24.5,61,3.50,9.0
2024-05-01,30.9,22.4,37.0,20.5,53,1.60,9.0
2024-05-02,29.2,22.3,36.6,26.6,63,7.60,6.0
2024-05-03,30.0,21.6,35.6,23.0,51,0.60,4.0
2024-05-04,29.0,21.4,33.9,28.1,51,0.90,4.0
2024-05-05,28.8,20.5,33.8,24.8,3,0.00,0.0
2024-05-06,28.8,20.7,33.0,27.7,51,0.60,5.0
2024-05-07,29.6,20.1,34.0,25.9,51,1.40,7.0
2024-05-08,29.4,21.6,35.8,19.1,51,0.90,6.0
2024-05-09,29.7,23.3,36.4,24.8,65,17.10,8.0
2024-05-10,31.0,23.6,36.9,18.4,55,2.50,9.0
2024-05-11,30.1,23.5,37.0,22.3,63,19.40,9.0
2024-05-12,30.4,23.0,36.8,22.0,53,0.90,4.0
2024-05-13,29.6,22.4,35.9,18.7,51,1.00,5.0
2024-05-14,30.0,22.8,36.2,22.3,53,1.00,4.0
2024-05-15,29.1,22.4,35.0,20.9,55,2.10,5.0
2024-05-16,29.8,20.8,34.9,29.2,3,0.00,0.0
2024-05-17,30.3,21.0,35.6,23.4,51,0.10,1.0
2024-05-18,30.6,22.6,35.6,25.9,51,0.10,1.0
2024-05-19,30.2,20.4,33.8,29.5,3,0.00,0.0
2024-05-20,30.3,20.9,34.5,27.4,3,0.00,0.0
2024-05-21,29.6,21.5,34.1,23.8,3,0.00,0.0
2024-05-22,29.8,21.5,35.0,21.6,3,0.00,0.0
2024-05-23,29.0,22.0,34.3,22.7,63,8.60,8.0
2024-05-24,29.2,23.0,35.7,20.5,65,64.70,19.0
2024-05-25,28.0,23.2,33.0,21.6,63,28.90,16.0
2024-05-26,28.8,23.1,33.0,19.1,3,0.00,0.0
2024-05-27,29.6,21.6,35.4,19.4,51,0.10,1.0
2024-05-28,29.1,22.4,35.7,20.5,53,2.80,8.0
2024-05-29,29.2,23.3,35.7,21.6,51,1.90,9.0
2024-05-30,27.5,22.7,33.0,25.6,61,4.60,13.0
2024-05-31,29.1,21.9,35.4,19.8,51,0.60,4.0
2024-06-01,29.0,22.9,35.4,20.9,63,5.00,3.0
2024-06-02,28.8,23.1,35.1,23.8,63,3.70,5.0
2024-06-03,29.5,22.3,34.8,31.7,53,1.90,7.0
2024-06-04,29.6,20.6,34.6,23.8,51,0.20,2.0
2024-06-05,29.3,20.9,34.3,27.7,51,1.50,9.0
2024-06-06,29.7,21.5,34.5,24.5,53,1.20,5.0
2024-06-07,29.0,21.2,34.7,25.2,63,3.70,5.0
2024-06-08,29.7,22.1,34.9,20.9,51,0.90,8.0
2024-06-09,29.0,21.6,35.4,27.7,63,9.30,10.0
2024-06-10,30.1,22.9,35.6,23.4,53,1.10,4.0
2024-06-11,29.8,23.2,36.3,23.0,61,7.90,10.0
2024-06-12,29.2,22.8,35.6,23.4,65,18.60,12.0
2024-06-13,28.0,22.6,33.4,22.0,51,0.10,1.0
2024-06-14,29.6,22.3,36.6,20.5,61,3.20,7.0
2024-06-15,28.5,23.7,34.2,31.0,53,2.70,7.0
2024-06-16,29.6,21.6,34.7,27.7,3,0.00,0.0
2024-06-17,30.5,22.1,35.0,21.6,53,1.20,6.0
2024-06-18,28.5,22.0,34.2,24.1,53,2.20,7.0
2024-06-19,29.5,19.7,33.5,24.8,3,0.00,0.0
2024-06-20,30.2,19.0,33.9,27.0,3,0.00,0.0
2024-06-21,30.0,20.2,33.5,23.0,3,0.00,0.0
2024-06-22,28.3,19.5,30.4,31.0,51,0.50,3.0
2024-06-23,29.2,19.4,32.7,28.8,61,3.10,7.0
2024-06-24,29.1,21.8,33.2,31.3,61,6.00,7.0
2024-06-25,29.3,22.0,34.5,25.6,63,7.60,9.0
2024-06-26,30.6,22.4,35.2,22.3,51,0.70,6.0
2024-06-27,30.0,23.0,35.8,23.0,53,1.20,6.0
2024-06-28,29.4,22.7,35.0,23.0,63,7.00,14.0
2024-06-29,29.5,22.6,35.2,26.6,63,10.30,11.0
2024-06-30,30.0,22.8,34.1,27.4,51,0.70,5.0
2024-07-01,29.9,21.8,34.1,22.3,3,0.00,0.0
2024-07-02,28.7,21.7,34.2,24.5,63,7.90,10.0
2024-07-03,30.1,22.7,34.5,32.4,51,1.80,8.0
2024-07-04,25.5,22.9,30.1,35.6,63,27.70,14.0
2024-07-05,29.5,22.9,34.0,24.8,51,1.00,7.0
2024-07-06,29.6,21.7,34.0,24.1,61,3.10,4.0
2024-07-07,28.8,21.4,33.9,19.8,51,2.20,10.0
2024-07-08,29.0,21.5,34.2,27.4,51,0.30,3.0
2024-07-09,28.8,19.2,33.0,23.0,3,0.00,0.0
2024-07-10,29.9,20.1,34.8,29.9,51,0.60,3.0
2024-07-11,28.4,20.9,30.9,32.4,3,0.00,0.0
2024-07-12,28.1,19.1,30.6,28.4,3,0.00,0.0
2024-07-13,27.5,19.4,30.2,33.1,51,0.20,2.0
2024-07-14,27.9,17.9,29.7,29.9,3,0.00,0.0
2024-07-15,27.0,18.1,29.3,29.5,3,0.00,0.0
2024-07-16,29.5,19.3,32.6,28.1,3,0.00,0.0
2024-07-17,30.4,18.6,33.4,32.8,3,0.00,0.0
2024-07-18,29.0,19.8,33.0,29.5,3,0.00,0.0
2024-07-19,30.2,18.5,33.8,30.2,3,0.00,0.0
2024-07-20,29.0,18.9,32.2,32.0,2,0.00,0.0
2024-07-21,29.6,18.7,33.2,33.1,3,0.00,0.0
2024-07-22,28.3,18.8,31.0,29.9,3,0.00,0.0
2024-07-23,27.6,19.4,30.7,23.8,3,0.00,0.0
2024-07-24,27.5,19.4,31.4,29.9,51,0.30,3.0
2024-07-25,29.0,19.6,31.9,28.8,3,0.00,0.0
2024-07-26,30.2,19.0,34.4,30.2,2,0.00,0.0
2024-07-27,30.1,19.2,34.0,32.4,3,0.00,0.0
2024-07-28,29.4,20.5,32.7,35.3,51,0.20,2.0
2024-07-29,29.1,19.4,32.4,30.2,51,0.60,6.0
2024-07-30,29.5,21.3,33.1,28.8,51,0.80,6.0
2024-07-31,29.6,19.8,33.6,26.3,61,4.30,5.0
2024-08-01,29.0,21.6,34.0,28.1,63,11.10,19.0
2024-08-02,28.8,22.3,33.9,27.4,61,9.70,20.0
2024-08-03,29.0,21.7,34.0,24.5,53,2.40,11.0
2024-08-04,27.7,21.3,31.7,28.8,53,2.50,11.0
2024-08-05,30.2,19.0,34.3,33.1,3,0.00,0.0
2024-08-06,30.3,18.8,33.5,32.4,3,0.00,0.0
2024-08-07,29.7,19.4,33.2,29.2,51,0.40,3.0
2024-08-08,28.4,20.5,31.8,34.6,61,3.70,7.0
2024-08-09,30.0,21.0,32.7,41.0,3,0.00,0.0
2024-08-10,29.4,20.0,32.2,31.0,51,0.40,3.0
2024-08-11,29.2,19.2,31.8,36.4,51,0.10,1.0
2024-08-12,28.6,16.8,32.0,34.6,3,0.00,0.0
2024-08-13,30.0,17.1,33.4,37.4,3,0.00,0.0
2024-08-14,30.9,18.1,34.5,41.4,3,0.00,0.0
2024-08-15,29.4,17.8,32.4,34.2,3,0.00,0.0
2024-08-16,28.0,17.6,30.1,32.8,3,0.00,0.0
2024-08-17,30.0,18.1,33.7,38.2,1,0.00,0.0
2024-08-18,29.2,18.5,33.2,35.3,3,0.00,0.0
2024-08-19,30.1,18.6,33.7,40.3,3,0.00,0.0
2024-08-20,29.8,19.7,34.3,31.7,3,0.00,0.0
2024-08-21,30.7,19.8,35.0,36.0,3,0.00,0.0
2024-08-22,30.5,18.9,35.0,36.0,3,0.00,0.0
2024-08-23,30.2,19.3,33.5,33.1,3,0.00,0.0
2024-08-24,29.4,21.4,31.3,38.5,53,2.60,7.0
2024-08-25,29.8,20.4,32.7,37.4,51,0.80,3.0
2024-08-26,30.5,19.8,32.9,37.1,3,0.00,0.0
2024-08-27,29.6,19.8,32.1,39.6,51,1.00,6.0
2024-08-28,29.9,20.7,33.7,36.4,51,0.20,2.0
2024-08-29,29.5,21.0,32.1,35.3,51,1.00,7.0
2024-08-30,30.4,20.5,33.9,37.1,51,0.80,8.0
2024-08-31,29.2,20.4,31.8,31.3,51,0.80,8.0
2024-09-01,27.3,20.1,29.8,29.5,51,0.40,3.0
2024-09-02,31.3,20.8,34.8,36.7,51,0.20,2.0
2024-09-03,29.2,20.5,32.2,34.2,51,0.50,5.0
2024-09-04,30.0,20.6,34.4,37.1,51,2.00,12.0
2024-09-05,29.1,22.5,32.0,33.5,61,5.50,12.0
2024-09-06,31.3,22.5,34.5,39.6,51,0.20,2.0
2024-09-07,32.7,20.7,36.2,43.6,51,1.30,8.0
2024-09-08,29.2,21.0,34.0,29.2,65,31.70,15.0
2024-09-09,29.1,21.5,34.7,27.7,61,6.30,13.0
2024-09-10,28.4,21.6,33.3,25.9,63,11.40,13.0
2024-09-11,29.4,22.3,34.7,27.4,61,7.90,11.0
2024-09-12,30.7,21.1,34.5,39.6,51,0.20,2.0
2024-09-13,29.8,19.9,33.0,34.2,53,2.00,9.0
2024-09-14,28.7,19.5,33.0,33.8,55,2.70,7.0
2024-09-15,30.3,20.2,33.1,33.1,51,0.20,2.0
2024-09-16,28.6,20.1,32.1,31.3,51,1.00,7.0
2024-09-17,30.0,19.1,33.6,32.8,51,0.40,3.0
2024-09-18,30.0,17.9,32.9,28.8,51,0.20,2.0
2024-09-19,30.2,18.5,34.8,31.3,3,0.00,0.0
2024-09-20,30.5,19.1,35.2,27.4,3,0.00,0.0
2024-09-21,31.4,19.5,36.9,40.0,3,0.00,0.0
2024-09-22,32.1,21.4,37.8,31.0,51,0.30,3.0
2024-09-23,32.3,22.1,37.0,30.6,53,1.80,4.0
2024-09-24,28.8,22.5,34.9,23.0,63,10.70,12.0
2024-09-25,30.1,22.5,36.5,28.1,63,14.10,6.0
2024-09-26,29.6,22.6,35.1,27.7,55,3.20,7.0
2024-09-27,30.0,22.6,36.1,23.4,61,5.00,7.0
2024-09-28,31.6,22.8,36.7,30.6,51,0.40,4.0
2024-09-29,32.0,21.6,37.6,30.6,51,0.50,4.0
2024-09-30,32.0,21.5,37.0,34.2,63,11.20,10.0
2024-10-01,29.4,21.9,35.3,30.2,63,15.40,14.0
2024-10-02,30.1,21.6,35.1,30.2,61,4.60,11.0
2024-10-03,30.6,21.6,35.9,31.7,51,1.00,9.0
2024-10-04,30.9,21.4,36.4,32.4,51,1.10,6.0
2024-10-05,31.7,21.7,37.7,28.8,61,4.50,6.0
2024-10-06,31.2,22.1,37.8,29.9,51,1.40,9.0
2024-10-07,31.6,21.0,36.5,34.9,61,2.80,6.0
2024-10-08,30.6,23.0,34.3,37.1,51,1.40,9.0
2024-10-09,30.1,23.2,34.9,30.2,51,1.10,9.0
2024-10-10,31.3,22.4,36.8,32.4,61,3.80,10.0
2024-10-11,31.6,21.2,36.6,27.4,53,1.80,5.0
2024-10-12,33.4,22.7,38.7,34.9,63,5.70,6.0
2024-10-13,32.9,22.8,38.8,29.2,53,2.70,8.0
2024-10-14,33.0,22.5,37.1,37.4,51,0.80,6.0
2024-10-15,31.5,21.5,35.6,33.5,53,1.50,9.0
2024-10-16,30.5,19.1,34.6,38.5,3,0.00,0.0
2024-10-17,29.1,20.4,31.8,32.0,51,0.10,1.0
2024-10-18,30.7,20.6,35.2,32.0,63,5.10,3.0
2024-10-19,31.0,21.2,37.6,29.9,61,5.00,11.0
2024-10-20,27.4,22.3,31.9,32.0,65,32.60,11.0
2024-10-21,29.0,21.8,34.7,30.2,63,8.10,8.0
2024-10-22,28.9,22.0,33.9,29.2,61,5.30,10.0
2024-10-23,28.9,22.0,34.0,32.0,51,2.40,15.0
2024-10-24,29.0,21.2,33.8,33.1,53,1.90,14.0
2024-10-25,29.0,21.8,33.8,30.2,61,3.70,12.0
2024-10-26,28.7,22.1,32.8,30.6,53,4.20,19.0
2024-10-27,29.8,22.1,35.3,31.0,55,3.00,11.0
2024-10-28,30.2,22.4,36.1,30.2,53,2.00,6.0
2024-10-29,31.8,22.3,37.0,36.7,51,1.70,7.0
2024-10-30,29.8,22.5,35.4,35.6,61,13.00,21.0
2024-10-31,31.1,22.5,37.8,26.3,63,5.50,9.0
2024-11-01,27.8,22.3,33.2,25.2,65,31.20,14.0
2024-11-02,29.6,22.4,36.6,28.4,63,7.80,8.0
2024-11-03,28.0,21.9,34.4,23.0,65,29.70,10.0
2024-11-04,30.6,22.5,36.1,33.1,63,9.00,10.0
2024-11-05,30.0,22.2,36.6,33.1,63,10.20,7.0
2024-11-06,30.9,21.7,36.9,24.5,51,0.50,4.0
2024-11-07,30.1,21.6,36.7,26.6,61,3.80,8.0
2024-11-08,29.3,23.1,35.7,28.4,63,9.10,8.0
2024-11-09,29.5,23.0,36.9,23.0,63,16.00,15.0
2024-11-10,29.0,22.5,34.6,22.7,63,17.80,23.0
2024-11-11,28.4,22.3,34.5,28.4,65,36.70,16.0
2024-11-12,30.9,22.6,37.8,27.0,63,7.50,10.0
2024-11-13,31.1,23.2,37.5,28.8,61,7.00,10.0
2024-11-14,30.9,23.2,37.5,27.4,63,17.00,10.0
2024-11-15,30.5,22.8,38.0,28.1,63,9.00,7.0
2024-11-16,30.5,22.8,36.6,23.4,63,31.30,22.0
2024-11-17,30.5,22.2,38.3,29.9,65,38.40,13.0
2024-11-18,29.5,23.0,36.3,21.6,63,23.80,14.0
2024-11-19,28.6,23.1,34.7,25.9,63,17.40,15.0
2024-11-20,30.0,22.4,35.9,24.5,65,13.90,10.0
2024-11-21,30.1,22.9,36.1,24.5,63,16.50,7.0
2024-11-22,29.0,22.5,34.6,26.6,65,17.60,15.0
2024-11-23,28.6,22.9,34.4,28.8,65,16.70,13.0
2024-11-24,28.2,23.2,33.5,27.4,61,5.60,13.0
2024-11-25,29.2,23.3,35.0,26.6,61,4.40,7.0
2024-11-26,30.0,23.4,36.4,34.6,61,2.10,7.0
2024-11-27,30.0,23.9,36.2,33.1,63,9.80,12.0
2024-11-28,28.5,23.1,33.2,34.9,63,17.60,17.0
2024-11-29,30.9,23.2,36.9,33.8,51,0.60,2.0
2024-11-30,28.5,24.0,32.8,31.7,63,9.10,16.0
2024-12-01,27.9,23.0,34.1,28.4,63,16.00,11.0
2024-12-02,28.0,23.1,33.3,24.1,63,10.10,15.0
2024-12-03,28.8,22.9,33.9,30.6,65,23.50,16.0
2024-12-04,29.6,23.0,34.0,26.6,65,18.30,9.0
2024-12-05,29.4,23.5,35.2,25.9,63,16.50,14.0
2024-12-06,29.5,23.0,36.2,34.6,63,14.30,13.0
2024-12-07,31.0,23.1,37.1,31.7,63,19.20,16.0
2024-12-08,30.6,22.6,37.0,29.9,63,14.60,14.0
2024-12-09,30.0,23.0,35.7,28.8,61,6.90,13.0
2024-12-10,28.0,23.0,32.4,40.3,65,36.80,21.0
2024-12-11,31.3,22.3,35.2,40.7,63,21.10,16.0
2024-12-12,28.6,23.2,34.3,26.3,63,14.60,15.0
2024-12-13,31.1,23.3,37.6,29.9,65,12.50,13.0
2024-12-14,28.9,22.8,33.3,32.4,63,11.30,15.0
2024-12-15,29.4,22.9,35.3,24.1,63,8.40,15.0
2024-12-16,30.1,22.4,34.0,26.6,61,10.70,17.0
2024-12-17,29.5,23.0,34.2,33.1,65,21.00,17.0
2024-12-18,29.6,22.8,35.0,32.0,55,3.00,12.0
2024-12-19,29.8,23.5,33.8,40.0,53,2.90,8.0
2024-12-20,29.8,22.5,35.5,32.4,61,2.00,6.0
2024-12-21,30.7,22.9,36.9,28.1,63,9.00,6.0
2024-12-22,30.8,23.6,38.2,28.8,65,14.20,10.0
2024-12-23,30.6,23.0,36.9,28.8,63,13.50,5.0
2024-12-24,29.3,22.6,34.6,28.8,63,11.20,12.0
2024-12-25,28.9,22.8,33.6,24.5,63,16.50,13.0
2024-12-26,28.6,22.6,33.3,37.8,55,6.50,16.0
2024-12-27,30.4,23.2,34.2,32.8,51,0.50,2.0
2024-12-28,28.5,23.5,32.5,37.4,63,7.60,13.0
2024-12-29,27.2,23.2,30.4,28.8,53,2.70,15.0
2024-12-30,30.4,22.8,35.5,36.7,55,5.00,10.0
2024-12-31,29.0,22.9,33.6,27.7,63,14.00,10.0
2025-01-01,30.0,22.2,33.8,31.0,63,14.50,16.0
2025-01-02,29.9,23.0,35.5,27.4,53,1.30,5.0
2025-01-03,29.2,22.8,34.0,31.3,51,1.30,7.0
2025-01-04,28.5,22.6,33.6,29.9,63,9.60,9.0
2025-01-05,25.4,22.4,29.8,24.5,63,17.50,15.0
2025-01-06,27.3,21.9,33.0,32.0,61,6.00,12.0
2025-01-07,29.5,22.1,35.6,33.5,63,9.10,11.0
2025-01-08,28.5,21.4,34.3,24.1,61,7.50,16.0
2025-01-09,30.8,22.1,35.4,25.6,51,0.60,3.0
2025-01-10,30.0,22.5,36.4,26.3,61,3.90,10.0
2025-01-11,30.2,22.6,37.4,30.6,55,1.40,4.0
2025-01-12,28.9,23.1,34.0,36.7,63,16.20,12.0
2025-01-13,30.2,22.9,35.6,28.4,55,6.70,13.0
2025-01-14,29.6,23.2,35.0,29.9,65,17.00,12.0
2025-01-15,28.5,22.5,33.8,23.4,63,7.30,10.0
2025-01-16,30.9,23.5,35.3,35.3,53,0.90,4.0
2025-01-17,30.9,23.5,35.4,31.7,61,5.10,8.0
2025-01-18,29.0,22.6,31.8,41.8,53,0.90,4.0
2025-01-19,29.5,22.9,33.9,37.8,63,18.90,8.0
2025-01-20,27.4,22.7,32.3,29.9,63,23.40,20.0
2025-01-21,30.5,22.5,37.0,25.9,63,11.90,13.0
2025-01-22,28.1,23.4,34.9,27.4,63,11.90,9.0
2025-01-23,29.0,22.9,33.0,26.6,61,3.70,10.0
2025-01-24,27.8,22.7,33.6,31.0,65,24.00,19.0
2025-01-25,29.1,22.4,34.8,27.4,63,6.50,6.0
2025-01-26,29.1,22.6,35.0,29.9,63,9.60,9.0
2025-01-27,26.5,21.9,30.4,32.8,63,22.00,15.0
2025-01-28,30.5,22.8,34.5,25.6,55,4.20,11.0
2025-01-29,29.5,22.3,34.9,33.1,61,6.80,9.0
2025-01-30,29.5,22.6,32.7,31.7,51,0.30,2.0
2025-01-31,31.8,22.0,37.2,25.2,51,0.30,2.0
2025-02-01,30.9,23.0,35.5,20.9,51,0.40,3.0
2025-02-02,30.8,22.9,37.3,28.1,53,1.20,5.0
2025-02-03,31.1,23.2,35.0,36.7,53,1.70,3.0
2025-02-04,32.2,24.6,35.7,32.8,51,0.50,2.0
2025-02-05,33.0,22.4,37.3,39.6,53,1.60,4.0
2025-02-06,31.8,23.5,36.9,31.3,61,2.10,5.0
2025-02-07,31.5,23.1,37.3,28.4,63,7.30,10.0
2025-02-08,30.9,23.0,37.4,28.1,63,12.60,3.0
2025-02-09,29.6,22.6,36.1,33.8,63,6.80,11.0
2025-02-10,29.6,22.2,35.0,36.4,53,1.60,8.0
2025-02-11,31.1,23.5,35.1,32.8,3,0.00,0.0
2025-02-12,28.8,23.4,32.5,36.4,63,4.70,5.0
2025-02-13,28.6,23.7,33.7,34.9,53,1.70,6.0
2025-02-14,30.5,22.3,36.6,30.6,63,25.10,12.0
2025-02-15,30.1,22.4,37.1,29.5,63,20.30,13.0
2025-02-16,29.6,21.9,36.9,24.8,65,27.00,15.0
2025-02-17,28.1,22.1,33.1,28.8,63,18.50,21.0
2025-02-18,29.4,22.5,34.5,23.8,63,6.50,11.0
2025-02-19,28.6,22.1,36.0,33.1,63,16.90,16.0
2025-02-20,28.6,22.3,35.8,27.4,63,10.80,12.0
2025-02-21,30.7,22.7,36.5,31.3,63,7.40,7.0
2025-02-22,30.3,22.3,36.9,29.9,63,9.30,7.0
2025-02-23,28.2,22.1,35.7,22.0,65,20.50,14.0
2025-02-24,29.0,22.5,35.6,20.9,65,24.80,15.0
2025-02-25,29.0,22.5,35.6,32.8,63,19.30,21.0
2025-02-26,28.0,22.9,33.6,28.4,63,13.50,16.0
2025-02-27,28.8,22.2,34.9,24.5,65,25.70,13.0
2025-02-28,29.5,22.6,35.4,27.0,55,2.80,10.0
2025-03-01,29.7,23.1,35.8,28.4,63,9.60,10.0
2025-03-02,29.8,23.2,35.8,27.4,63,9.60,9.0
2025-03-03,29.9,23.0,36.2,25.9,63,6.90,14.0
2025-03-04,29.8,22.7,36.7,25.2,65,21.40,10.0
2025-03-05,31.8,22.5,38.2,30.2,61,2.30,6.0
2025-03-06,30.2,23.2,36.9,24.1,63,15.80,9.0
2025-03-07,29.1,22.5,35.4,31.7,63,11.00,13.0
2025-03-08,29.2,22.6,35.2,26.6,63,16.10,10.0
2025-03-09,30.1,22.4,36.8,25.6,63,12.20,11.0
2025-03-10,28.1,22.5,34.1,29.5,65,22.60,16.0
2025-03-11,29.7,23.1,36.6,18.0,63,9.80,7.0
2025-03-12,29.5,23.0,36.4,25.9,63,10.00,13.0
2025-03-13,31.2,23.5,37.7,24.1,63,5.50,5.0
2025-03-14,30.0,22.6,36.8,27.7,65,10.00,10.0
2025-03-15,30.5,23.0,36.0,33.1,63,15.00,10.0
2025-03-16,28.4,22.8,31.5,31.0,61,2.30,4.0
2025-03-17,28.8,22.9,34.6,24.1,63,10.50,13.0
2025-03-18,29.0,22.8,35.1,33.1,63,7.30,7.0
2025-03-19,26.5,22.6,31.8,25.2,65,25.70,11.0
2025-03-20,31.4,23.5,35.0,40.0,3,0.00,0.0
2025-03-21,31.8,23.9,37.5,33.8,51,0.20,2.0
2025-03-22,29.0,23.2,33.8,43.2,63,10.00,9.0
2025-03-23,31.6,23.7,35.5,26.3,3,0.00,0.0
2025-03-24,30.8,23.5,37.1,29.9,61,3.60,7.0
2025-03-25,32.2,22.9,37.9,25.9,55,3.70,10.0
2025-03-26,31.2,23.2,37.5,28.1,63,3.80,4.0
2025-03-27,32.2,23.6,39.0,25.2,63,8.20,9.0
2025-03-28,28.4,22.7,34.2,29.2,65,42.10,15.0
2025-03-29,28.9,22.7,33.3,35.6,61,9.00,18.0
2025-03-30,29.5,23.0,33.5,26.6,55,3.70,8.0
2025-03-31,30.1,22.8,37.0,28.8,55,2.10,6.0
2025-04-01,29.8,22.1,36.8,26.6,61,4.70,3.0
2025-04-02,29.1,22.9,35.4,29.5,65,16.60,10.0
2025-04-03,28.6,23.0,34.1,28.1,65,27.40,20.0
2025-04-04,29.0,22.8,34.9,25.9,61,2.20,6.0
2025-04-05,30.2,22.9,35.8,24.5,51,0.60,5.0
2025-04-06,30.1,21.7,35.9,27.0,3,0.00,0.0
2025-04-07,29.5,21.5,35.1,29.2,55,2.40,8.0
2025-04-08,30.4,21.4,36.7,24.5,63,11.20,13.0
2025-04-09,31.5,23.2,38.2,25.6,61,3.50,4.0
2025-04-10,28.6,23.0,34.2,22.0,65,21.40,11.0
2025-04-11,28.5,22.5,33.8,25.6,63,13.20,14.0
2025-04-12,29.0,23.0,36.0,31.0,65,34.60,13.0
2025-04-13,30.8,22.9,37.0,33.8,65,49.60,14.0
2025-04-14,28.4,22.2,33.7,21.6,61,3.10,11.0
2025-04-15,29.1,22.9,34.4,24.5,3,0.00,0.0
2025-04-16,30.0,23.5,36.6,23.8,61,2.60,3.0
2025-04-17,28.5,23.5,33.8,22.7,63,7.50,9.0
2025-04-18,28.5,23.1,34.4,25.9,65,18.90,13.0
2025-04-19,29.4,22.7,35.3,26.3,63,9.80,12.0
2025-04-20,28.4,21.8,34.3,33.1,63,6.00,10.0
2025-04-21,30.0,23.1,35.9,30.2,53,2.00,6.0
2025-04-22,28.3,22.8,33.7,27.0,63,4.20,13.0
2025-04-23,28.5,22.5,33.3,26.6,53,2.60,9.0
2025-04-24,29.0,22.5,34.0,23.4,51,0.70,4.0
2025-04-25,29.1,23.3,35.1,23.4,53,1.40,7.0
2025-04-26,29.6,22.4,35.6,29.5,61,4.10,7.0
2025-04-27,29.6,21.5,34.1,27.0,51,0.10,1.0
2025-04-28,30.6,21.0,35.1,31.7,3,0.00,0.0
2025-04-29,29.1,21.2,32.7,33.1,51,2.10,10.0
2025-04-30,30.0,21.4,34.3,32.8,51,0.60,5.0
2025-05-01,29.6,22.8,35.0,30.6,63,10.40,9.0
2025-05-02,26.9,22.4,32.5,21.2,65,42.40,15.0
2025-05-03,28.0,22.4,33.9,23.0,63,12.30,14.0
2025-05-04,29.5,22.7,36.3,27.7,63,8.60,8.0
2025-05-05,30.2,23.4,37.4,24.8,63,10.60,8.0
2025-05-06,30.1,22.6,35.7,33.8,65,21.80,13.0
2025-05-07,28.3,23.5,33.9,30.6,65,12.40,11.0
2025-05-08,28.0,23.0,34.3,20.2,61,6.30,10.0
2025-05-09,30.0,22.2,36.5,31.7,65,29.20,20.0
2025-05-10,29.8,22.4,35.5,29.2,63,11.80,8.0
2025-05-11,29.7,23.0,35.7,26.6,63,6.90,7.0
2025-05-12,30.1,22.5,36.6,24.5,63,9.00,8.0
2025-05-13,29.1,23.1,35.0,23.0,65,20.00,14.0
2025-05-14,29.3,22.9,34.2,25.2,63,14.10,13.0
2025-05-15,29.2,22.1,34.9,34.2,63,17.10,8.0
2025-05-16,28.6,22.7,34.5,22.7,63,7.80,14.0
2025-05-17,28.5,22.8,34.0,31.3,61,5.90,12.0
2025-05-18,29.1,22.5,34.7,23.8,65,18.40,10.0
2025-05-19,27.7,22.6,33.0,23.0,63,15.80,18.0
2025-05-20,29.0,23.0,34.1,28.8,63,18.60,18.0
2025-05-21,29.2,23.4,33.5,32.8,65,21.80,15.0
2025-05-22,26.8,23.0,32.2,19.1,65,37.10,16.0
2025-05-23,27.5,22.0,34.1,19.1,63,33.50,21.0
2025-05-24,28.8,22.8,34.3,19.8,61,7.90,19.0
2025-05-25,28.5,22.5,34.8,25.9,63,7.60,11.0
2025-05-26,28.0,22.5,33.6,20.5,63,7.80,10.0
2025-05-27,29.6,23.0,35.6,25.9,53,1.60,4.0
2025-05-28,29.6,22.5,35.6,26.3,53,1.70,6.0
2025-05-29,29.5,22.8,35.0,27.7,51,0.20,2.0
2025-05-30,29.7,21.5,35.4,24.1,51,0.40,2.0
2025-05-31,29.5,23.0,35.8,29.2,63,13.30,11.0
2025-06-01,29.7,22.4,34.4,22.7,51,0.90,5.0
2025-06-02,30.1,22.1,35.3,19.4,51,0.20,2.0
2025-06-03,30.2,22.2,35.8,23.0,51,1.00,5.0
2025-06-04,30.0,22.2,36.4,27.4,63,18.80,10.0
2025-06-05,28.9,22.5,34.4,25.2,61,5.70,11.0
2025-06-06,30.4,20.5,34.7,22.0,53,1.30,4.0
2025-06-07,30.0,22.3,34.6,30.2,51,0.20,2.0
2025-06-08,28.4,22.0,33.4,29.5,63,26.50,13.0
2025-06-09,27.6,23.4,31.7,27.7,53,1.00,5.0
2025-06-10,27.1,22.5,32.3,18.4,63,17.90,14.0
2025-06-11,28.5,22.1,33.6,28.4,63,17.80,17.0
2025-06-12,30.2,21.7,33.8,31.3,3,0.00,0.0
2025-06-13,30.0,21.4,35.4,29.2,61,2.10,4.0
2025-06-14,30.0,22.8,36.1,24.8,65,23.70,11.0
2025-06-15,30.2,21.6,35.6,24.5,61,8.10,12.0
2025-06-16,30.2,22.6,35.5,25.9,63,6.30,10.0
2025-06-17,29.5,22.8,34.3,23.4,61,2.40,5.0
2025-06-18,29.5,21.8,33.8,24.8,3,0.00,0.0
2025-06-19,27.8,19.8,31.7,22.0,3,0.00,0.0
2025-06-20,27.5,22.0,30.9,22.7,51,0.70,6.0
2025-06-21,29.0,22.5,33.7,27.4,65,30.40,15.0
2025-06-22,28.5,22.1,33.6,28.4,65,25.80,10.0
2025-06-23,29.7,21.9,33.8,32.4,55,3.10,8.0
2025-06-24,29.7,20.9,34.4,20.9,51,1.30,7.0
2025-06-25,28.4,22.7,32.7,25.9,53,3.10,12.0
2025-06-26,29.3,22.2,32.8,30.2,51,0.30,3.0
2025-06-27,29.5,21.9,34.5,27.4,61,7.10,14.0
2025-06-28,28.5,22.0,32.7,25.6,65,30.10,11.0
2025-06-29,29.7,21.2,34.4,28.4,63,13.50,7.0
2025-06-30,30.4,21.9,33.1,34.9,51,0.20,2.0
2025-07-01,30.8,22.0,34.5,21.6,61,2.00,4.0
2025-07-02,30.2,22.3,34.3,28.1,51,0.60,4.0
2025-07-03,29.1,21.9,33.8,21.6,61,3.30,6.0
2025-07-04,26.9,21.4,30.5,28.1,63,9.80,12.0
2025-07-05,28.3,21.6,32.3,28.1,63,7.50,7.0
2025-07-06,28.3,22.0,32.9,23.0,63,5.00,6.0
2025-07-07,29.6,21.6,34.8,28.4,63,12.30,11.0
2025-07-08,29.0,21.6,33.3,34.6,51,0.30,3.0
2025-07-09,27.0,20.5,29.1,32.0,51,1.20,8.0
2025-07-10,27.9,18.8,31.3,23.0,2,0.00,0.0
2025-07-11,28.0,18.8,31.0,26.6,3,0.00,0.0
2025-07-12,29.5,18.6,32.8,29.5,51,0.10,1.0
2025-07-13,28.5,20.8,33.1,26.3,63,10.40,9.0
2025-07-14,28.9,22.1,32.5,35.6,51,0.10,1.0
2025-07-15,28.0,21.8,31.7,27.0,61,6.00,14.0
2025-07-16,28.0,22.0,30.5,33.1,61,7.00,12.0
2025-07-17,28.6,20.7,32.9,25.9,51,0.20,2.0
2025-07-18,27.5,21.5,30.8,23.0,3,0.00,0.0
2025-07-19,28.0,18.8,32.2,28.1,3,0.00,0.0
2025-07-20,28.3,17.9,31.7,30.6,3,0.00,0.0
2025-07-21,28.2,17.9,30.6,28.8,1,0.00,0.0
2025-07-22,29.1,17.9,32.6,36.7,53,1.20,4.0
2025-07-23,29.0,20.1,32.3,31.0,53,2.40,7.0
2025-07-24,28.1,21.7,31.4,29.2,51,0.80,6.0
2025-07-25,28.6,21.8,32.4,27.7,51,0.90,7.0
2025-07-26,29.9,21.8,34.5,34.9,51,1.20,9.0
2025-07-27,30.0,21.4,36.2,25.9,63,5.00,8.0
2025-07-28,28.1,22.2,31.8,29.5,63,15.20,21.0
2025-07-29,27.1,22.3,29.6,37.1,55,7.10,19.0
2025-07-30,26.6,22.2,29.1,33.1,61,7.50,15.0
2025-07-31,29.5,21.4,34.4,29.2,53,1.70,6.0
2025-08-01,30.5,20.8,34.2,31.3,51,0.10,1.0
2025-08-02,31.2,20.2,36.2,27.7,53,2.10,6.0
2025-08-03,30.0,21.8,36.2,30.6,63,8.90,10.0
2025-08-04,29.9,21.5,35.5,27.0,65,21.90,9.0
2025-08-05,29.6,21.5,33.5,28.4,63,14.00,11.0
2025-08-06,29.6,21.2,34.6,29.5,2,0.00,0.0
2025-08-07,30.2,20.5,34.5,27.7,3,0.00,0.0
2025-08-08,30.2,22.5,35.2,23.0,51,0.70,7.0
2025-08-09,30.0,22.2,35.2,26.3,63,3.50,8.0
2025-08-10,28.9,22.9,33.6,30.2,55,7.30,20.0
2025-08-11,29.1,21.9,33.7,29.2,63,10.90,9.0
2025-08-12,29.1,21.9,33.2,30.6,55,4.70,9.0
2025-08-13,29.8,21.6,34.2,27.0,61,5.10,10.0
2025-08-14,28.6,21.3,30.1,38.5,3,0.00,0.0
2025-08-15,27.9,18.5,30.1,30.2,51,0.50,2.0
2025-08-16,31.1,20.5,33.4,30.6,3,0.00,0.0
2025-08-17,32.0,20.7,34.3,29.5,3,0.00,0.0
2025-08-18,31.8,21.4,35.5,31.0,61,4.70,5.0
2025-08-19,27.5,21.8,32.4,25.2,65,48.90,16.0
2025-08-20,29.2,22.5,33.5,23.8,53,2.00,10.0
2025-08-21,29.4,21.0,35.0,29.2,55,3.70,10.0
2025-08-22,29.6,21.6,35.5,23.8,55,3.80,9.0
2025-08-23,31.0,21.8,36.3,29.2,53,3.70,12.0
2025-08-24,29.6,21.4,34.5,31.3,53,2.20,10.0
2025-08-25,29.2,20.9,33.5,30.6,51,0.10,1.0
2025-08-26,29.7,20.3,33.3,31.7,3,0.00,0.0
2025-08-27,28.0,19.4,31.9,37.1,63,17.60,13.0
2025-08-28,25.9,21.6,28.5,36.7,61,13.80,22.0
2025-08-29,26.1,21.6,28.9,33.8,61,11.40,22.0
2025-08-30,28.1,21.8,31.3,28.8,55,6.50,15.0
2025-08-31,30.5,21.5,34.4,41.0,53,1.80,8.0
2025-09-01,30.5,21.0,34.3,34.6,3,0.00,0.0
2025-09-02,32.8,20.9,35.8,41.0,63,7.00,4.0
2025-09-03,33.1,21.0,36.0,34.9,61,1.90,2.0
2025-09-04,31.4,21.8,35.8,37.4,53,2.60,7.0
2025-09-05,29.6,21.6,34.0,30.2,51,0.20,2.0
2025-09-06,28.1,21.2,30.0,34.9,51,2.20,9.0
2025-09-07,27.8,20.7,29.5,30.6,51,0.70,6.0
2025-09-08,29.0,21.3,31.7,35.3,53,2.30,6.0
2025-09-09,28.2,22.1,32.5,31.3,63,18.60,15.0
2025-09-10,27.6,22.2,32.0,28.4,63,19.90,24.0
2025-09-11,28.1,22.8,33.4,24.5,63,24.60,20.0
2025-09-12,30.0,21.8,35.3,31.3,63,7.10,8.0
2025-09-13,30.4,22.4,34.5,31.7,51,0.90,5.0
2025-09-14,28.6,21.4,32.4,35.6,53,2.40,12.0
2025-09-15,28.2,21.5,31.9,32.4,53,4.40,16.0
2025-09-16,28.4,21.9,31.8,32.4,63,17.00,16.0
2025-09-17,28.9,22.4,33.1,31.0,63,15.10,15.0
2025-09-18,27.5,22.2,31.3,29.9,63,33.70,20.0
2025-09-19,29.7,22.0,34.9,28.1,65,33.10,17.0
2025-09-20,32.0,22.0,36.9,27.7,51,1.30,9.0
2025-09-21,30.9,21.9,37.4,32.0,55,4.30,14.0
2025-09-22,30.3,22.6,35.2,31.7,51,1.80,11.0
2025-09-23,30.0,21.0,35.8,29.5,51,0.20,2.0
2025-09-24,29.2,20.9,34.4,28.1,51,1.60,8.0
2025-09-25,31.3,22.1,36.0,32.4,61,6.20,10.0
2025-09-26,29.2,22.1,35.1,28.4,51,1.30,6.0
2025-09-27,32.5,22.1,36.2,35.3,51,0.70,3.0
2025-09-28,33.0,22.2,37.4,33.8,61,8.30,6.0
2025-09-29,30.1,21.9,35.9,29.2,65,19.50,14.0
2025-09-30,28.1,22.0,32.8,23.0,65,12.40,15.0
2025-10-01,30.2,22.5,36.0,28.4,63,29.50,15.0
2025-10-02,30.5,21.9,36.6,36.0,53,2.00,10.0
2025-10-03,29.5,22.1,34.7,27.7,51,0.40,4.0
2025-10-04,29.5,20.5,34.4,27.0,3,0.00,0.0
2025-10-05,32.0,21.8,36.4,36.4,61,5.50,7.0
2025-10-06,32.4,22.5,36.5,32.4,53,3.10,10.0
2025-10-07,31.0,21.8,36.5,28.1,53,0.90,3.0
2025-10-08,29.8,22.1,34.8,36.4,53,4.00,14.0
2025-10-09,29.5,21.2,34.6,30.2,63,7.90,10.0
2025-10-10,29.1,22.0,34.4,28.4,53,3.00,10.0
2025-10-11,29.9,22.4,34.9,35.3,61,5.40,18.0
2025-10-12,31.5,22.0,38.2,30.2,63,17.90,12.0
2025-10-13,31.4,23.0,38.2,34.6,63,11.30,13.0
2025-10-14,32.0,22.8,37.4,32.4,61,7.30,16.0
2025-10-15,32.0,23.3,37.8,40.3,65,22.60,11.0
2025-10-16,31.1,22.5,38.1,36.0,63,6.20,13.0
2025-10-17,31.0,22.7,37.1,34.9,61,3.30,9.0
2025-10-18,31.0,22.2,37.1,36.4,63,8.90,8.0
2025-10-19,30.9,22.8,37.3,27.4,65,17.50,11.0
2025-10-20,29.4,23.1,35.1,24.1,63,27.30,19.0
2025-10-21,27.0,22.1,32.3,24.1,63,29.40,22.0
2025-10-22,27.9,22.1,34.1,28.1,63,15.20,15.0
2025-10-23,25.8,22.2,30.3,28.8,63,12.80,23.0
2025-10-24,26.8,21.9,32.5,25.9,63,29.60,18.0
2025-10-25,25.7,22.2,29.9,28.1,63,17.10,20.0
2025-10-26,27.0,22.0,31.4,25.2,65,44.70,22.0
2025-10-27,28.5,22.2,34.1,27.7,63,8.80,7.0
2025-10-28,28.9,22.5,34.1,26.3,63,21.20,18.0
2025-10-29,28.1,22.1,32.7,25.6,63,8.40,18.0
2025-10-30,27.5,22.2,31.4,29.9,63,9.20,10.0
2025-10-31,28.8,22.2,34.0,33.1,65,26.00,8.0
2025-11-01,30.4,21.9,38.3,37.1,65,36.40,11.0
2025-11-02,29.5,22.0,36.1,23.0,65,17.30,11.0
2025-11-03,29.0,22.0,33.9,27.4,65,13.70,13.0
2025-11-04,28.1,22.2,33.7,27.0,61,5.20,12.0
2025-11-05,28.9,22.0,35.7,36.7,65,23.30,13.0
2025-11-06,28.6,22.5,33.6,29.9,63,19.80,21.0
2025-11-07,30.2,22.4,35.8,33.5,63,8.30,8.0
2025-11-08,30.5,23.0,37.0,29.9,63,22.60,15.0
2025-11-09,29.6,23.0,34.4,29.9,63,17.40,14.0
2025-11-10,29.1,22.5,35.3,24.8,63,12.90,13.0
2025-11-11,29.0,22.5,33.4,34.9,65,28.20,19.0
2025-11-12,27.5,22.2,33.5,28.4,63,26.70,20.0
2025-11-13,29.6,22.4,35.0,32.0,63,10.50,15.0
2025-11-14,28.5,22.3,34.3,32.0,63,20.50,14.0
2025-11-15,27.5,22.2,33.1,33.8,63,15.50,13.0
2025-11-16,30.0,22.6,36.2,28.4,65,15.70,11.0
2025-11-17,28.9,23.5,34.0,27.0,65,22.80,10.0
2025-11-18,30.8,22.0,36.7,26.3,63,24.70,12.0
2025-11-19,27.1,22.9,32.6,22.3,63,21.70,22.0
2025-11-20,29.5,22.5,36.1,23.0,65,29.30,21.0
2025-11-21,28.0,22.3,33.4,37.1,63,20.80,22.0
2025-11-22,28.8,22.1,33.0,30.2,61,3.70,10.0
2025-11-23,28.8,22.6,35.0,23.4,65,18.80,12.0
2025-11-24,28.9,23.0,33.5,33.5,63,8.80,10.0
2025-11-25,30.4,22.5,32.8,37.8,3,0.00,0.0
2025-11-26,27.4,22.4,31.4,31.3,61,8.90,15.0
2025-11-27,28.1,23.0,31.7,27.0,53,3.40,15.0
2025-11-28,28.5,22.5,32.1,31.3,51,0.50,3.0
2025-11-29,28.2,21.0,32.0,31.0,51,0.80,3.0
2025-11-30,29.6,21.7,34.7,28.4,63,3.80,4.0
2025-12-01,28.3,23.8,31.9,24.1,55,3.80,8.0
2025-12-02,28.4,22.2,34.0,21.2,65,35.70,15.0
2025-12-03,27.5,21.6,32.4,22.0,63,15.90,18.0
2025-12-04,26.0,22.3,31.1,19.4,61,6.00,14.0
2025-12-05,28.6,22.0,34.1,28.1,55,4.70,13.0
2025-12-06,27.5,21.7,32.1,21.6,65,21.20,17.0
2025-12-07,28.1,22.2,33.5,29.2,61,4.50,10.0
2025-12-08,27.7,22.6,31.5,29.5,53,3.70,14.0
2025-12-09,27.7,22.0,32.4,27.4,61,8.90,20.0
2025-12-10,29.5,23.1,34.4,26.6,51,0.80,5.0
2025-12-11,29.4,23.2,34.6,30.6,51,1.30,10.0
2025-12-12,29.0,23.4,33.2,34.2,51,2.00,10.0
2025-12-13,29.9,23.1,34.1,33.8,51,1.10,7.0
2025-12-14,29.0,24.0,33.6,40.0,51,2.10,11.0
2025-12-15,28.5,23.4,32.3,41.0,53,2.30,9.0
2025-12-16,29.6,22.9,33.8,36.0,53,3.10,12.0
2025-12-17,29.4,22.9,35.3,31.0,51,1.50,10.0
2025-12-18,30.1,23.2,34.6,36.0,63,5.10,10.0
2025-12-19,30.3,22.5,35.6,27.0,51,0.30,3.0
2025-12-20,30.5,23.0,35.2,25.9,65,23.40,11.0
2025-12-21,29.2,23.2,34.6,28.4,63,10.50,10.0
2025-12-22,30.1,23.2,36.7,27.7,63,8.90,6.0
2025-12-23,30.9,23.9,37.6,31.7,55,2.40,7.0
2025-12-24,30.5,23.0,37.6,26.3,55,3.80,8.0
2025-12-25,31.2,22.6,37.6,28.8,63,7.80,6.0
2025-12-26,29.5,23.0,34.8,37.8,63,9.10,14.0
2025-12-27,28.4,22.6,32.6,36.7,63,11.60,18.0
2025-12-28,30.5,23.4,36.3,32.4,51,0.80,5.0
2025-12-29,29.1,22.6,34.6,29.5,51,1.00,7.0
2025-12-30,29.6,23.8,35.2,31.0,63,9.80,13.0
2025-12-31,29.1,23.0,33.4,18.4,63,11.70,17.0
